variant	minor_allele	minor_AF	low_confidence_variant	n_complete_samples	AC	ytx	beta	se	tstat	pval
2:18759148:C:A	A	4.70945e-02	false	359983	3.39064e+04	9.27863e+05	-1.95857e-02	2.62978e-02	-7.44764e-01	4.56415e-01
14:41507159:G:C	C	1.40867e-03	false	359983	1.01420e+03	2.77807e+04	3.00459e-02	1.62295e-01	1.85132e-01	8.53126e-01
15:79994656:C:T	T	5.82102e-03	false	359983	4.19093e+03	1.14748e+05	-3.06954e-02	7.88775e-02	-3.89153e-01	6.97164e-01
14:45893361:C:A	A	6.96189e-03	false	359983	5.01232e+03	1.36948e+05	-7.58982e-02	6.75282e-02	-1.12395e+00	2.61036e-01
2:33652677:G:A	A	1.10195e-01	false	359983	7.93365e+04	2.17274e+06	5.15783e-03	1.80059e-02	2.86452e-01	7.74532e-01
2:74200868:T:C	C	1.58236e-02	false	359983	1.13925e+04	3.11990e+05	-2.68207e-02	4.68248e-02	-5.72788e-01	5.66789e-01
1:163857231:C:T	T	1.83791e-01	false	359983	1.32323e+05	3.62467e+06	1.25501e-02	1.43826e-02	8.72593e-01	3.82886e-01
5:14637511:G:C	C	1.88800e-03	false	359983	1.35930e+03	3.69621e+04	-1.78766e-01	1.37554e-01	-1.29960e+00	1.93738e-01
20:44219083:T:C	C	9.06092e-02	false	359983	6.52356e+04	1.78762e+06	1.09159e-02	1.94075e-02	5.62461e-01	5.73802e-01
6:135349635:CAT:C	C	3.78625e-01	false	359983	2.72597e+05	7.46547e+06	-2.66153e-03	1.14970e-02	-2.31499e-01	8.16927e-01
1:168711610:A:G	G	1.78028e-03	false	359983	1.28174e+03	3.51168e+04	3.03589e-02	1.43142e-01	2.12090e-01	8.32037e-01
13:85025252:T:C	C	1.16739e-01	false	359983	8.40478e+04	2.30243e+06	1.08564e-02	1.73552e-02	6.25543e-01	5.31615e-01
7:11935291:T:A	A	6.30826e-03	false	359983	4.54173e+03	1.24701e+05	8.17084e-02	7.16432e-02	1.14049e+00	2.54082e-01
8:126014036:CTTGA:C	C	1.90195e-01	false	359983	1.36934e+05	3.74857e+06	-8.54448e-03	1.42135e-02	-6.01153e-01	5.47739e-01
13:55435317:G:T	T	5.42759e-02	false	359983	3.90768e+04	1.07038e+06	-5.55200e-03	2.45509e-02	-2.26143e-01	8.21090e-01
2:47188596:G:T	G	2.93175e-01	false	359983	5.08890e+05	1.39331e+07	-1.83685e-02	1.23202e-02	-1.49092e+00	1.35983e-01
6:26446209:C:T	T	1.45967e-01	false	359983	1.05091e+05	2.87203e+06	-6.01506e-02	1.57456e-02	-3.82016e+00	1.33388e-04
19:18690536:T:C	T	4.26973e-01	false	359983	4.12560e+05	1.12976e+07	-8.41029e-03	1.12762e-02	-7.45848e-01	4.55760e-01
16:73782709:A:G	G	1.72981e-01	false	359983	1.24541e+05	3.40696e+06	-3.13992e-02	1.47737e-02	-2.12534e+00	3.35589e-02
4:163114100:G:C	C	2.01396e-01	false	359983	1.44998e+05	3.97716e+06	5.89209e-02	1.39259e-02	4.23102e+00	2.32692e-05
6:90107940:A:G	G	8.85868e-02	false	359983	6.37795e+04	1.74565e+06	-1.10301e-02	1.95955e-02	-5.62888e-01	5.73512e-01
1:72264039:C:T	T	4.61602e-02	false	359983	3.32338e+04	9.12067e+05	7.01889e-02	2.66065e-02	2.63804e+00	8.33902e-03
6:28051105:GT:G	G	1.02926e-03	false	359983	7.41035e+02	2.03146e+04	4.12335e-02	1.73765e-01	2.37294e-01	8.12429e-01
2:129091080:C:T	T	3.48427e-03	false	359983	2.50856e+03	6.88474e+04	6.03481e-02	9.96489e-02	6.05608e-01	5.44776e-01
3:133779366:C:CA	C	2.78013e-01	false	359983	5.19806e+05	1.42333e+07	-1.85687e-02	1.25599e-02	-1.47841e+00	1.39299e-01
9:126134106:AC:A	A	6.97574e-03	false	359983	5.02229e+03	1.37358e+05	-3.57987e-02	7.33872e-02	-4.87805e-01	6.25688e-01
13:52476471:G:A	A	5.73296e-03	false	359983	4.12754e+03	1.13185e+05	6.32601e-02	7.41982e-02	8.52582e-01	3.93892e-01
4:24333011:C:T	T	4.15180e-01	false	359983	2.98915e+05	8.18497e+06	-2.40749e-03	1.13195e-02	-2.12685e-01	8.31573e-01
15:38862161:G:C	C	4.85434e-03	false	359983	3.49496e+03	9.57614e+04	1.06586e-02	8.24691e-02	1.29244e-01	8.97165e-01
15:83170200:T:A	A	5.65829e-03	false	359983	4.07378e+03	1.11223e+05	-8.17271e-02	8.10933e-02	-1.00782e+00	3.13544e-01
10:95596676:A:G	G	4.37455e-01	false	359983	3.14953e+05	8.62587e+06	1.49319e-03	1.12377e-02	1.32873e-01	8.94294e-01
16:83290560:G:C	G	1.18091e-01	false	359983	6.34944e+05	1.73900e+07	1.41799e-02	1.73572e-02	8.16945e-01	4.13961e-01
20:18209275:T:C	C	4.88758e-03	false	359983	3.51889e+03	9.62226e+04	-4.21385e-02	8.78945e-02	-4.79421e-01	6.31639e-01
7:40886576:C:T	T	2.09591e-01	false	359983	1.50899e+05	4.13242e+06	-5.58865e-03	1.36928e-02	-4.08145e-01	6.83167e-01
13:95995641:G:A	A	1.59361e-02	false	359983	1.14735e+04	3.14161e+05	4.60488e-03	4.54117e-02	1.01403e-01	9.19231e-01
4:188167396:T:C	T	3.34503e-01	false	359983	4.79135e+05	1.31178e+07	-3.10664e-02	1.18383e-02	-2.62422e+00	8.68503e-03
10:11954755:A:G	G	1.25120e-02	false	359983	9.00824e+03	2.47141e+05	6.19365e-02	5.07072e-02	1.22145e+00	2.21915e-01
2:86671604:C:T	T	1.57875e-01	false	359983	1.13664e+05	3.10959e+06	-3.04747e-02	1.52750e-02	-1.99507e+00	4.60360e-02
22:49528481:T:G	G	1.53851e-01	false	359983	1.10767e+05	3.03435e+06	1.07472e-02	1.58119e-02	6.79692e-01	4.96700e-01
3:107205050:A:G	G	2.77449e-01	false	359983	1.99754e+05	5.47521e+06	2.68782e-02	1.25414e-02	2.14316e+00	3.21008e-02
8:64189708:A:G	A	4.06525e-01	false	359983	4.27282e+05	1.17048e+07	2.26781e-02	1.13638e-02	1.99565e+00	4.59724e-02
4:81281424:A:G	G	1.87526e-02	false	359983	1.35012e+04	3.70084e+05	3.86789e-02	4.10944e-02	9.41220e-01	3.46593e-01
20:14800934:A:G	G	5.64439e-02	false	359983	4.06377e+04	1.11325e+06	1.51498e-02	2.42138e-02	6.25668e-01	5.31533e-01
8:123048736:G:A	A	1.75040e-01	false	359983	1.26023e+05	3.45082e+06	-1.53531e-02	1.60922e-02	-9.54067e-01	3.40050e-01
6:2695613:T:C	C	1.28452e-01	false	359983	9.24808e+04	2.53287e+06	6.96362e-03	1.69003e-02	4.12042e-01	6.80309e-01
14:34811262:C:T	C	2.64250e-01	false	359983	5.29715e+05	1.45087e+07	1.64474e-02	1.32695e-02	1.23949e+00	2.15164e-01
14:87565478:C:T	T	1.43793e-03	false	359983	1.03526e+03	2.85207e+04	1.89831e-01	1.49691e-01	1.26815e+00	2.04744e-01
6:3718973:C:A	A	1.68036e-03	false	359983	1.20980e+03	3.35011e+04	3.25555e-01	1.44900e-01	2.24676e+00	2.46561e-02
6:37318862:A:G	G	3.15325e-03	false	359983	2.27024e+03	6.23420e+04	1.00151e-01	1.07896e-01	9.28217e-01	3.53296e-01
7:79317221:A:AAAAT	AAAAT	5.89749e-02	false	359983	4.24599e+04	1.16195e+06	-2.65327e-02	2.40090e-02	-1.10512e+00	2.69110e-01
8:50019424:G:C	C	1.72250e-01	false	359983	1.24014e+05	3.39788e+06	1.59579e-02	1.47847e-02	1.07935e+00	2.80431e-01
12:118398690:T:C	C	7.36276e-02	false	359983	5.30094e+04	1.45439e+06	5.81120e-02	2.14409e-02	2.71033e+00	6.72190e-03
16:88376480:G:A	A	2.00467e-01	false	359983	1.44329e+05	3.95087e+06	-1.87951e-02	1.39956e-02	-1.34293e+00	1.79296e-01
8:58342326:C:A	A	1.49485e-03	false	359983	1.07624e+03	2.95003e+04	-2.61813e-02	1.57319e-01	-1.66422e-01	8.67825e-01
7:106331656:T:C	T	7.15474e-02	false	359983	6.68454e+05	1.83047e+07	-3.37633e-02	2.16574e-02	-1.55897e+00	1.19004e-01
5:178514410:C:T	C	3.35427e-01	false	359983	4.78470e+05	1.31055e+07	1.53218e-02	1.18151e-02	1.29680e+00	1.94701e-01
13:88631518:GA:G	G	3.19726e-01	false	359983	2.30192e+05	6.30843e+06	1.94960e-02	1.22068e-02	1.59714e+00	1.10235e-01
14:57476692:C:G	G	3.43274e-03	false	359983	2.47146e+03	6.75769e+04	-4.83375e-02	1.01825e-01	-4.74711e-01	6.34994e-01
2:21475265:A:G	G	3.93038e-01	false	359983	2.82974e+05	7.74737e+06	-1.11282e-02	1.14646e-02	-9.70656e-01	3.31720e-01
1:54915311:T:A	A	1.15072e-01	false	359983	8.28478e+04	2.26778e+06	-8.31791e-03	1.81149e-02	-4.59176e-01	6.46108e-01
17:16190100:C:T	T	1.16929e-03	false	359983	8.41851e+02	2.32545e+04	2.38299e-01	1.69455e-01	1.40626e+00	1.59647e-01
4:45283954:T:G	G	4.53009e-03	false	359983	3.26151e+03	8.91861e+04	-1.41786e-02	8.69027e-02	-1.63155e-01	8.70396e-01
8:71878545:G:A	A	9.05224e-03	false	359983	6.51731e+03	1.78181e+05	-1.18377e-02	5.98245e-02	-1.97874e-01	8.43144e-01
17:42362723:G:A	A	3.52512e-01	false	359983	2.53797e+05	6.95446e+06	2.06380e-02	1.17193e-02	1.76102e+00	7.82356e-02
14:33987866:A:G	G	7.00257e-02	false	359983	5.04161e+04	1.37968e+06	-2.27476e-02	2.18767e-02	-1.03981e+00	2.98429e-01
9:122506952:C:T	C	4.43011e-01	false	359983	4.01013e+05	1.09839e+07	9.44683e-03	1.12180e-02	8.42115e-01	3.99724e-01
8:112867504:G:A	A	1.06021e-02	false	359983	7.63314e+03	2.08833e+05	-1.37318e-02	5.64078e-02	-2.43437e-01	8.07667e-01
18:76339801:G:C	C	3.29841e-01	false	359983	2.37474e+05	6.50338e+06	-1.06333e-03	1.18657e-02	-8.96139e-02	9.28594e-01
1:176194894:TA:T	TA	4.76502e-01	false	359983	3.76901e+05	1.03276e+07	2.63408e-02	1.11483e-02	2.36276e+00	1.81400e-02
10:28870490:T:G	G	2.64242e-01	false	359983	1.90245e+05	5.20936e+06	-7.43317e-03	1.26341e-02	-5.88340e-01	5.56304e-01
1:120570510:T:C	C	1.61099e-02	false	359983	1.15986e+04	3.17244e+05	-1.64858e-02	4.44806e-02	-3.70628e-01	7.10915e-01
14:93984843:AG:A	AG	4.41064e-01	false	359983	4.02415e+05	1.10354e+07	7.88539e-02	1.12342e-02	7.01912e+00	2.23661e-12
11:97766041:T:C	C	2.66727e-01	false	359983	1.92035e+05	5.25894e+06	-4.07298e-03	1.27140e-02	-3.20354e-01	7.48700e-01
7:147568448:G:A	A	4.39217e-03	false	359983	3.16221e+03	8.68235e+04	5.35089e-02	9.07913e-02	5.89362e-01	5.55619e-01
6:129138471:C:A	A	4.75174e-02	false	359983	3.42109e+04	9.38148e+05	3.16293e-02	2.63973e-02	1.19820e+00	2.30838e-01
2:154604555:A:G	G	1.53403e-03	false	359983	1.10445e+03	3.00112e+04	-2.20854e-01	1.45118e-01	-1.52189e+00	1.28037e-01
4:73738247:G:A	A	9.41205e-03	false	359983	6.77636e+03	1.85769e+05	1.33408e-02	6.11554e-02	2.18147e-01	8.27315e-01
X:94427131:TAA:T	T	3.18359e-01	false	359983	2.29208e+05	6.27846e+06	4.91149e-03	1.02920e-02	4.77215e-01	6.33210e-01
12:104813176:C:G	G	3.65713e-01	false	359983	2.63301e+05	7.21099e+06	-3.95534e-03	1.15749e-02	-3.41718e-01	7.32564e-01
16:59873078:T:A	A	6.35877e-02	false	359983	4.57810e+04	1.25204e+06	-4.36535e-02	2.30301e-02	-1.89549e+00	5.80278e-02
4:118527102:C:G	G	1.59187e-01	false	359983	1.14609e+05	3.13731e+06	-1.76184e-02	1.52622e-02	-1.15438e+00	2.48345e-01
8:84658560:A:G	G	3.37418e-01	false	359983	2.42930e+05	6.65136e+06	-1.52307e-02	1.18636e-02	-1.28381e+00	1.99208e-01
12:33809602:C:T	T	3.91970e-01	false	359983	2.82205e+05	7.72675e+06	-1.90046e-02	1.14299e-02	-1.66271e+00	9.63715e-02
3:16444813:T:C	C	2.05302e-01	false	359983	1.47810e+05	4.04652e+06	-1.90937e-02	1.38593e-02	-1.37768e+00	1.68303e-01
18:13924925:G:T	T	2.88793e-03	false	359983	2.07921e+03	5.68625e+04	8.17969e-04	1.07294e-01	7.62361e-03	9.93917e-01
8:21674737:T:C	C	1.08029e-01	false	359983	7.77774e+04	2.13129e+06	-1.96103e-03	1.80701e-02	-1.08523e-01	9.13581e-01
12:8465771:C:G	C	1.10261e-01	false	359983	6.40582e+05	1.75432e+07	-7.00256e-03	1.82805e-02	-3.83062e-01	7.01674e-01
18:71180042:T:C	C	2.37570e-01	false	359983	1.71042e+05	4.68331e+06	-7.46766e-03	1.31149e-02	-5.69401e-01	5.69085e-01
2:48766078:T:C	C	3.11602e-01	false	359983	2.24343e+05	6.14367e+06	-9.54924e-03	1.22376e-02	-7.80321e-01	4.35203e-01
4:155461296:T:G	G	5.74853e-03	false	359983	4.13875e+03	1.13276e+05	-2.30661e-02	7.59772e-02	-3.03592e-01	7.61439e-01
7:64571019:T:G	G	5.61471e-02	false	359983	4.04240e+04	1.10746e+06	7.88157e-03	2.57028e-02	3.06642e-01	7.59116e-01
17:10317299:G:A	A	5.16364e-05	true	359983	3.71765e+01	1.00668e+03	-1.08100e-01	9.85576e-01	-1.09682e-01	9.12662e-01
9:18913958:G:A	A	1.79315e-02	false	359983	1.29101e+04	3.54124e+05	5.36626e-02	4.20688e-02	1.27559e+00	2.02101e-01
7:83992421:T:C	C	2.40049e-01	false	359983	1.72827e+05	4.73229e+06	-6.71065e-03	1.30477e-02	-5.14317e-01	6.07031e-01
2:55564300:A:G	G	2.34304e-02	false	359983	1.68691e+04	4.61047e+05	-6.17329e-02	3.84596e-02	-1.60514e+00	1.08464e-01
3:12656116:G:A	A	8.45272e-03	false	359983	6.08567e+03	1.66940e+05	5.65122e-02	6.36509e-02	8.87847e-01	3.74624e-01
16:12667950:G:T	T	3.94233e-03	false	359983	2.83835e+03	7.77353e+04	2.31718e-02	9.29483e-02	2.49298e-01	8.03131e-01
22:44628068:G:A	G	1.69522e-01	false	359983	5.97916e+05	1.63742e+07	-1.33179e-02	1.50058e-02	-8.87513e-01	3.74804e-01
3:189854593:C:G	C	3.68186e-01	false	359983	4.54885e+05	1.24560e+07	-1.30725e-02	1.15497e-02	-1.13185e+00	2.57698e-01
X:101273967:T:C	C	1.75459e-01	false	359983	1.26325e+05	3.46477e+06	3.51904e-02	1.21070e-02	2.90662e+00	3.65383e-03
