"SNP_gwas1","SNP_gwas2_tested","SNP_gwas2_tested_pval","SNP_gwas2_tested_R2","In_LD","SNP_gwas2_in_LD","SNP_gwas2_in_LD_pval","SNP_gwas2_in_LD_R2"
"rs340874","NA","NA","NA",FALSE,"NA","NA","NA"
"rs13013484","NA","NA","NA",FALSE,"NA","NA","NA"
"rs13415496","NA","NA","NA",FALSE,"NA","NA","NA"
"rs477224","NA","NA","NA",FALSE,"NA","NA","NA"
"rs11919595","rs77630894, rs112587788, rs111557926, rs76405252, rs56172250, rs113962490, rs77362317, rs75098673, rs74734425, rs56243018, rs75367758, rs78060265, rs1344673, rs113861493, rs55750762, rs6763780, rs73872716, rs73872717, rs16851397, rs73872719, rs73872720, rs9825379, rs74557261, rs111518062, rs79928910, rs79474768, rs75351160, rs55788564, rs6802753, rs9876694, rs75206890, rs79767329","4.379e-08, 9.892e-09, 1.269e-08, 1.597e-08, 1.905e-09, 2.12e-09, 4.265e-08, 5.822e-09, 2.342e-09, 2.328e-09, 2.245e-09, 4.878e-09, 4.883e-09, 1.406e-08, 3.615e-09, 5.836e-09, 2.988e-09, 2.055e-09, 2.99e-09, 2.953e-09, 1.42e-08, 1.356e-08, 7.915e-09, 1.066e-08, 8.064e-09, 8.09e-09, 4.49e-09, 3.359e-08, 3.478e-08, 4.132e-08, 1.624e-08, 2.33e-08","0.41626, 0.41626, 0.41626, 0.41626, 0.328837, 0.467958, 0.738152, 0.671549, 0.671549, 0.671549, 0.655236, 0.671549, 0.671549, 0.610609, 0.671549, 0.671549, 0.671549, 0.671549, 0.671549, 0.670573, 0.417468, 0.417468, 0.425102, 0.425102, 0.425102, 0.425102, 0.60901, 0.534142, 0.417468, 0.417468, 0.60901, 0.593765",TRUE,"rs77630894, rs112587788, rs111557926, rs76405252, rs56172250, rs113962490, rs77362317, rs75098673, rs74734425, rs56243018, rs75367758, rs78060265, rs1344673, rs113861493, rs55750762, rs6763780, rs73872716, rs73872717, rs16851397, rs73872719, rs73872720, rs9825379, rs74557261, rs111518062, rs79928910, rs79474768, rs75351160, rs55788564, rs6802753, rs9876694, rs75206890, rs79767329","4.379e-08, 9.892e-09, 1.269e-08, 1.597e-08, 1.905e-09, 2.12e-09, 4.265e-08, 5.822e-09, 2.342e-09, 2.328e-09, 2.245e-09, 4.878e-09, 4.883e-09, 1.406e-08, 3.615e-09, 5.836e-09, 2.988e-09, 2.055e-09, 2.99e-09, 2.953e-09, 1.42e-08, 1.356e-08, 7.915e-09, 1.066e-08, 8.064e-09, 8.09e-09, 4.49e-09, 3.359e-08, 3.478e-08, 4.132e-08, 1.624e-08, 2.33e-08","0.41626, 0.41626, 0.41626, 0.41626, 0.328837, 0.467958, 0.738152, 0.671549, 0.671549, 0.671549, 0.655236, 0.671549, 0.671549, 0.610609, 0.671549, 0.671549, 0.671549, 0.671549, 0.671549, 0.670573, 0.417468, 0.417468, 0.425102, 0.425102, 0.425102, 0.425102, 0.60901, 0.534142, 0.417468, 0.417468, 0.60901, 0.593765"
"rs4869272","NA","NA","NA",FALSE,"NA","NA","NA"
"rs1281962","NA","NA","NA",FALSE,"NA","NA","NA"
"rs10487796","NA","NA","NA",FALSE,"NA","NA","NA"
"rs2715094","NA","NA","NA",FALSE,"NA","NA","NA"
"rs7034200","NA","NA","NA",FALSE,"NA","NA","NA"
"rs2383208","NA","NA","NA",FALSE,"NA","NA","NA"
"rs1128905","NA","NA","NA",FALSE,"NA","NA","NA"
"rs11607883","rs10838574, rs11038810, rs10734544, rs2046834, rs902282, rs4237662, rs12361705, rs4756060, rs17725617, rs11038808, rs12808446, rs11038812, rs4756062, rs76400970, rs11038826, rs7113478, rs12225704, rs12223774, rs11038831, rs60602051, rs72910057","7.241e-09, 1.667e-08, 1.282e-08, 1.239e-08, 1.336e-08, 2.657e-08, 2.315e-09, 1.448e-08, 1.438e-08, 1.438e-08, 2.607e-08, 1.087e-08, 1.103e-08, 1.584e-08, 8.632e-10, 2.878e-10, 1.5e-09, 1.032e-09, 2.054e-09, 2.236e-08, 2.796e-08","0.00364321, 0.00364321, 0.00364321, 0.00364321, 0.00414664, 0.00187057, 0.0164328, 0.0130429, 0.0130429, 0.0130429, 0.012889, 0.0130429, 0.0130429, 0.0139669, 0.015628, 0.00867898, 0.0116355, 0.0123486, 0.0113442, 0.000605905, 0.00106368",FALSE,"NA","NA","NA"
"rs367800308","rs111514504, rs28788554, rs28872512, rs28882516, rs79220347, rs2335128, rs2335126, rs28807461, rs28889135, rs11228871, rs11533242, rs74990789, rs11533224, rs11535799, rs72486147, rs3961034, rs11227435, rs3974162, rs12221645, rs74217009, rs2867259, rs11229004, rs1821466, rs72486173, rs7936821, rs141250596, rs11229165, rs75905900, rs11229342, rs72486179, rs76091121, rs80203896, rs77693603, rs7942108, rs11230739, rs11230740","1.547e-08, 1.04e-09, 1.268e-09, 9.622e-10, 9.622e-10, 1.04e-09, 8.264e-10, 8.938e-10, 9.02e-10, 5.69e-09, 5.724e-09, 6.257e-09, 6.147e-09, 7.301e-09, 1.396e-08, 1.16e-08, 1.946e-08, 1.666e-08, 6.154e-09, 1.93e-08, 1.931e-08, 2.078e-09, 2.225e-08, 1.051e-08, 8.941e-09, 1.021e-08, 3.635e-10, 6.384e-09, 6.27e-09, 7.895e-09, 3.953e-08, 4.026e-08, 4.517e-08, 2.706e-08, 3.693e-08, 3.707e-08","0.00993143, 0.012424, 0.012424, 0.012424, 0.012424, 0.012313, 0.012424, 0.012424, 0.012424, 0.0120915, 0.012424, 0.012424, 0.012424, 0.012424, 0.012424, 0.012424, 0.0120915, 0.012424, 0.0133219, 0.012424, 0.012424, 0.012424, 0.012313, 0.012424, 0.0125354, 0.0120915, 0.012424, 0.012424, 0.0118711, 0.0118711, 0.0115424, 0.0118711, 0.0118711, 0.0117613, 0.0118711, 0.0118711",FALSE,"NA","NA","NA"
"rs11605042","NA","NA","NA",FALSE,"NA","NA","NA"
"rs737383","NA","NA","NA",FALSE,"NA","NA","NA"
"rs4502156","NA","NA","NA",FALSE,"NA","NA","NA"
"rs6048205","NA","NA","NA",FALSE,"NA","NA","NA"
