rsID,chr,pos,overlap_gene_N,overlap_gene_name,overlap_gene_ENSGID,PoPS_score,Max_PoPS_score,Prioritized,Prioritized_gene_name,Prioritized_gene_ENSGID
rs2126180,1,61105668,1,NFIA,ENSG00000162599,0.3654930043289845,0.3654930043289845,True,NFIA,ENSG00000162599
rs10737496,1,163745389,2,RGS5;NUF2,ENSG00000143248;ENSG00000143228,-0.3704471071730267;-0.10045817840593,-0.10045817840593,False,.,.
rs4619651,2,97416153,16,TMEM127;CIAO1;SNRNP200;ITPRIPL1;NCAPH;ARID5A;KANSL3;LMAN2L;CNNM4;CNNM3;ANKRD23;ANKRD39;SEMA4C;FAM178B;FAHD2B;ANKRD36,ENSG00000135956;ENSG00000144021;ENSG00000144028;ENSG00000198885;ENSG00000121152;ENSG00000196843;ENSG00000114982;ENSG00000114988;ENSG00000158158;ENSG00000168763;ENSG00000163126;ENSG00000213337;ENSG00000168758;ENSG00000168754;ENSG00000144199;ENSG00000135976,-0.004272201274159;-0.0470978692644848;0.0203229865131799;-0.0939169641051105;-0.1016303142071406;-0.1482619480304999;0.148354445295671;0.1108072872264064;0.0087093355990263;0.0749536419084925;-0.0790031623088417;-0.051281363967842;0.0397959902027199;-0.0722811399360356;-0.0846602878799496;-0.1019777909830921,0.148354445295671,True,KANSL3,ENSG00000114982
rs13417268,2,169481837,7,STK39;CERS6;NOSTRIN;SPC25;G6PC2;ABCB11;DHRS9,ENSG00000198648;ENSG00000172292;ENSG00000163072;ENSG00000152253;ENSG00000152254;ENSG00000073734;ENSG00000073737,0.250512374342516;0.4311000284410523;-0.1421917852229248;-0.1030964347247978;-0.1115834460066144;-0.1007832637766947;-0.1102873651827496,0.4311000284410523,True,CERS6,ENSG00000172292
rs9834970,3,36856030,7,STAC;DCLK3;TRANK1;EPM2AIP1;MLH1;LRRFIP2;GOLGA4,ENSG00000144681;ENSG00000163673;ENSG00000168016;ENSG00000178567;ENSG00000076242;ENSG00000093167;ENSG00000144674,-0.0636999669737289;-0.0372034259662339;0.2274876820157838;-0.0173442814067672;0.0312519729381277;0.1291106322411546;0.2457270720499416,0.2457270720499416,True,GOLGA4,ENSG00000144674
rs2577831,3,52628056,29,POC1A;ALAS1;TLR9;TLR9;TWF2;PPM1M;WDR82;GLYCTK;DNAH1;BAP1;PHF7;SEMA3G;TNNC1;NISCH;STAB1;NT5DC2;SMIM4;PBRM1;GNL3;GLT8D1;SPCS1;NEK4;ITIH1;ITIH3;ITIH4;MUSTN1;TMEM110;SFMBT1;RFT1,ENSG00000164087;ENSG00000023330;ENSG00000239732;ENSG00000173366;ENSG00000247596;ENSG00000164088;ENSG00000164091;ENSG00000168237;ENSG00000114841;ENSG00000163930;ENSG00000010318;ENSG00000010319;ENSG00000114854;ENSG00000010322;ENSG00000010327;ENSG00000168268;ENSG00000168273;ENSG00000163939;ENSG00000163938;ENSG00000016864;ENSG00000114902;ENSG00000114904;ENSG00000055957;ENSG00000162267;ENSG00000055955;ENSG00000272573;ENSG00000213533;ENSG00000163935;ENSG00000163933,-0.0019172581971308;0.0416313701304954;-0.1190814094581845;-0.0985426778389687;0.0003746345531797;-0.0993597081932423;0.0458199623166223;-0.0987157146447683;-0.143141371222724;0.0622022925643348;-0.0709411583014796;-0.1183079431447674;-0.0843691334870916;0.2426240985982471;-0.1138024414306028;-0.1043925354409965;0.0099463493403622;0.3373623343447114;0.047446032018149;0.0529702587485239;-0.0772445349920102;0.0230480791217971;-0.1073043001298704;-0.1293706364013502;-0.1400177195159537;-0.0946790052107061;0.149435947254516;0.1807373069591586;0.002069005284768,0.3373623343447114,True,PBRM1,ENSG00000163939
rs115694474,3,70488788,1,MITF,ENSG00000187098,0.1010350201742203,0.1010350201742203,True,MITF,ENSG00000187098
rs112481526,4,123076007,10,ANXA5;TMEM155;EXOSC9;CCNA2;BBS7;TRPC3;KIAA1109;ADAD1;IL2;IL21,ENSG00000164111;ENSG00000164112;ENSG00000123737;ENSG00000145386;ENSG00000138686;ENSG00000138741;ENSG00000138688;ENSG00000164113;ENSG00000109471;ENSG00000138684,-0.0604912762069549;-0.0403103452851926;-0.0204586037112367;-0.1033072258638438;0.0620466035512395;-0.0235042472890355;0.2861444753344264;-0.1164136679761131;-0.123586271490503;-0.1006074835094745,0.2861444753344264,True,KIAA1109,ENSG00000138688
rs28565152,5,7542911,4,ADCY2;C5orf49;MTRR;FASTKD3,ENSG00000078295;ENSG00000215217;ENSG00000124275;ENSG00000124279,0.557641556070653;-0.0443828589541148;-0.0057393777605005;-0.0445459992432802,0.557641556070653,True,ADCY2,ENSG00000078295
rs6865469,5,78849505,9,DMGDH;BHMT2;BHMT;JMY;HOMER1;PAPD4;CMYA5;MTX3;THBS4,ENSG00000132837;ENSG00000132840;ENSG00000145692;ENSG00000152409;ENSG00000152413;ENSG00000164329;ENSG00000164309;ENSG00000177034;ENSG00000113296,-0.1044337922614077;-0.0692305420161554;-0.1124757403018286;0.0790705897512938;0.3644494647831913;0.1257221677763696;-0.0426335122608075;0.0448439885837955;-0.0999575241408581,0.3644494647831913,True,HOMER1,ENSG00000152413
rs6887473,5,80961069,6,RASGRF2;CKMT2;ZCCHC9;ACOT12;SSBP2;ATG10,ENSG00000113319;ENSG00000131730;ENSG00000131732;ENSG00000172497;ENSG00000145687;ENSG00000152348,0.4025017086154398;-0.0671069029199411;0.0024087549191447;-0.1193075201243446;0.3730390920383961;0.0863726873770751,0.4025017086154398,True,RASGRF2,ENSG00000113319
rs10866641,5,169289206,7,SPDL1;DOCK2;FAM196B;FOXI1;C5orf58;LCP2;KCNIP1,ENSG00000040275;ENSG00000134516;ENSG00000204767;ENSG00000168269;ENSG00000234511;ENSG00000043462;ENSG00000182132,-0.0960192153762014;-0.2081853903453686;0.1637043085917103;-0.1175947398590369;-0.114791451037423;-0.2257577967567347;0.4016828877272959,0.4016828877272959,True,KCNIP1,ENSG00000182132
rs13195401,6,26463574,43,TRIM38;HIST1H1A;HIST1H3A;HIST1H4A;HIST1H4B;HIST1H3B;HIST1H2AB;HIST1H2BB;HIST1H3C;HIST1H1C;HFE;HIST1H4C;HIST1H1T;HIST1H2BC;HIST1H2AC;HIST1H1E;HIST1H2BD;HIST1H2BE;HIST1H4D;HIST1H3D;HIST1H2AD;HIST1H2BF;HIST1H4E;HIST1H2BG;HIST1H2AE;HIST1H3E;HIST1H1D;HIST1H4F;HIST1H4G;HIST1H3F;HIST1H2BH;HIST1H3G;HIST1H2BI;HIST1H4H;BTN3A2;BTN2A2;BTN3A1;BTN3A3;BTN2A1;BTN1A1;HMGN4;ABT1;ZNF322,ENSG00000112343;ENSG00000124610;ENSG00000198366;ENSG00000196176;ENSG00000124529;ENSG00000124693;ENSG00000137259;ENSG00000196226;ENSG00000196532;ENSG00000187837;ENSG00000010704;ENSG00000197061;ENSG00000187475;ENSG00000180596;ENSG00000180573;ENSG00000168298;ENSG00000158373;ENSG00000197697;ENSG00000188987;ENSG00000197409;ENSG00000196866;ENSG00000197846;ENSG00000198518;ENSG00000187990;ENSG00000168274;ENSG00000196966;ENSG00000124575;ENSG00000198327;ENSG00000124578;ENSG00000256316;ENSG00000197459;ENSG00000256018;ENSG00000168242;ENSG00000158406;ENSG00000186470;ENSG00000124508;ENSG00000026950;ENSG00000111801;ENSG00000112763;ENSG00000124557;ENSG00000182952;ENSG00000146109;ENSG00000181315,-0.1057213570496121;-0.1399455266795015;-0.1142836087877465;-0.0790132014598936;-0.1336271260980203;-0.1186579486265907;-0.1142836087877465;-0.1142836087877465;-0.1142836087877465;-0.1153865659107766;-0.1677990425496937;-0.1019777909830921;-0.1142836087877465;-0.1327551998197933;-0.1327551998197933;-0.1094269297287881;-0.1134550729746864;-0.1213599205151502;-0.1195745683972367;-0.1255025264817584;-0.1019777909830921;-0.1231621444473274;-0.1108563266426729;-0.1343276589780934;-0.1266508801246404;-0.107692211424176;-0.1280188751491222;-0.1142836087877465;-0.1019777909830921;-0.1199980292288305;-0.1279599451177654;-0.1275364842861715;-0.1255025264817584;-0.1008553000892928;-0.1243804370508137;-0.1086925128563671;-0.1250093675427062;-0.1120746192461592;-0.0699800250078861;-0.1346033892432648;-0.0704384610417804;-0.0844885306629428;0.0927252584560029,0.0927252584560029,True,ZNF322,ENSG00000181315
rs17693963,6,27710165,26,PRSS16;POM121L2;ZNF391;ZNF184;HIST1H2BL;HIST1H2AI;HIST1H3H;HIST1H2AJ;HIST1H2BM;HIST1H4J;HIST1H4K;HIST1H2AK;HIST1H2BN;HIST1H2AL;HIST1H1B;HIST1H3I;HIST1H4L;HIST1H3J;HIST1H2AM;HIST1H2BO;OR2B2;OR2B6;ZNF165;ZSCAN16;ZKSCAN8;ZSCAN9,ENSG00000112812;ENSG00000158553;ENSG00000124613;ENSG00000096654;ENSG00000185130;ENSG00000196747;ENSG00000203813;ENSG00000182611;ENSG00000196374;ENSG00000197238;ENSG00000197914;ENSG00000184348;ENSG00000233822;ENSG00000198374;ENSG00000184357;ENSG00000182572;ENSG00000198558;ENSG00000197153;ENSG00000233224;ENSG00000196331;ENSG00000168131;ENSG00000124657;ENSG00000197279;ENSG00000196812;ENSG00000198315;ENSG00000137185,-0.1148368202206092;-0.1005817814024036;-0.1019777909830921;0.0249125172212618;-0.1195745683972367;-0.1195745683972367;-0.1298768663206024;-0.1239489082360808;-0.1231621444473274;-0.1159664962239242;-0.111570846355558;-0.0852870322422212;-0.0974281416159634;-0.1195745683972367;-0.1401608091343799;-0.1275364842861715;-0.1195745683972367;-0.1274376439133938;-0.1019777909830921;-0.1245859067111123;-0.1238766641602125;-0.1142836087877465;-0.1048193065024987;-0.1121119884725521;0.0145512956699109;-0.0786679936366062,0.0249125172212618,True,ZNF184,ENSG00000096654
rs1233393,6,29549653,23,OR2B3;OR2J1;OR2J3;OR2J2;OR14J1;OR5V1;OR12D3;OR12D2;OR11A1;OR10C1;OR2H1;MAS1L;UBD;GABBR1;OR2H2;MOG;ZFP57;HLA-F;HLA-G;HLA-A;ZNRD1;PPP1R11;RNF39,ENSG00000204703;ENSG00000204702;ENSG00000204701;ENSG00000204700;ENSG00000204695;ENSG00000243729;ENSG00000112462;ENSG00000168787;ENSG00000204694;ENSG00000206474;ENSG00000204688;ENSG00000204687;ENSG00000213886;ENSG00000204681;ENSG00000204657;ENSG00000204655;ENSG00000204644;ENSG00000204642;ENSG00000204632;ENSG00000206503;ENSG00000066379;ENSG00000204619;ENSG00000204618,-0.1019777909830921;-0.1137034372213071;-0.1060732092828592;-0.1019777909830921;-0.1024856332327685;-0.0975242493778057;-0.1137034372213071;-0.0841141325379058;-0.1015915711816911;-0.10995855632773;-0.1024856332327685;-0.0920764824387773;-0.1387216496927233;0.4117206817795094;-0.0769213964292573;0.0682026616966564;0.2056634462294523;-0.1214217914926154;-0.1072320178536926;-0.1214217914926154;-0.0743372851281926;0.0067368697210101;-0.1253438947066509,0.4117206817795094,True,GABBR1,ENSG00000204681
rs3130248,6,29602936,21,OR2J2;OR14J1;OR5V1;OR12D3;OR12D2;OR11A1;OR10C1;OR2H1;MAS1L;UBD;GABBR1;OR2H2;MOG;ZFP57;HLA-F;HLA-G;HLA-A;ZNRD1;PPP1R11;RNF39;TRIM31,ENSG00000204700;ENSG00000204695;ENSG00000243729;ENSG00000112462;ENSG00000168787;ENSG00000204694;ENSG00000206474;ENSG00000204688;ENSG00000204687;ENSG00000213886;ENSG00000204681;ENSG00000204657;ENSG00000204655;ENSG00000204644;ENSG00000204642;ENSG00000204632;ENSG00000206503;ENSG00000066379;ENSG00000204619;ENSG00000204618;ENSG00000204616,-0.1019777909830921;-0.1024856332327685;-0.0975242493778057;-0.1137034372213071;-0.0841141325379058;-0.1015915711816911;-0.10995855632773;-0.1024856332327685;-0.0920764824387773;-0.1387216496927233;0.4117206817795094;-0.0769213964292573;0.0682026616966564;0.2056634462294523;-0.1214217914926154;-0.1072320178536926;-0.1214217914926154;-0.0743372851281926;0.0067368697210101;-0.1253438947066509;-0.1024012518146859,0.4117206817795094,True,GABBR1,ENSG00000204681
rs1487445,6,98565211,0,,,.,.,False,.,.
rs4331993,6,152793572,5,ESR1;SYNE1;MYCT1;VIP;FBXO5,ENSG00000091831;ENSG00000131018;ENSG00000120279;ENSG00000146469;ENSG00000112029,-0.1807452922523258;0.3447822279754124;-0.1565147644227453;-0.0108287557642157;-0.090167355329964,0.3447822279754124,True,SYNE1,ENSG00000131018
rs10455979,6,166995260,7,T;PRR18;SFT2D1;MPC1;RPS6KA2;RNASET2;FGFR1OP,ENSG00000164458;ENSG00000176381;ENSG00000198818;ENSG00000060762;ENSG00000071242;ENSG00000026297;ENSG00000213066,-0.1470610372174807;0.0729384797654856;-0.0691317859480226;0.057490345898338;0.2039361137144414;-0.0826550860760359;0.0664960230705647,0.2039361137144414,True,RPS6KA2,ENSG00000071242
rs12154473,7,1982181,12,MICALL2;INTS1;MAFK;TMEM184A;PSMG3;ELFN1;MAD1L1;FTSJ2;NUDT1;SNX8;EIF3B;CHST12,ENSG00000164877;ENSG00000164880;ENSG00000198517;ENSG00000164855;ENSG00000157778;ENSG00000225968;ENSG00000002822;ENSG00000122687;ENSG00000106268;ENSG00000106266;ENSG00000106263;ENSG00000136213,-0.0691292964324121;0.0845069685474952;-0.0464742736697897;-0.1403385921295333;-0.0402856355738664;0.2357303841424677;0.2053811805724713;-0.0419815841209264;-0.0901540661661228;-0.045330068681584;0.0371784147842363;-0.0238235539740286,0.2357303841424677,True,ELFN1,ENSG00000225968
rs113779084,7,11871787,3,THSD7A;TMEM106B;VWDE,ENSG00000005108;ENSG00000106460;ENSG00000146530,0.1537428073372392;0.0315685023072418;-0.1017387912251074,0.1537428073372392,True,THSD7A,ENSG00000005108
rs6954854,7,21492589,3,SP4;DNAH11;CDCA7L,ENSG00000105866;ENSG00000105877;ENSG00000164649,0.1833876657986854;-0.26471326568595;-0.0465492334412819,0.1833876657986854,True,SP4,ENSG00000105866
rs12672003,7,24647222,4,NPY;MPP6;DFNA5;OSBPL3,ENSG00000122585;ENSG00000105926;ENSG00000105928;ENSG00000070882,-0.1384793712618264;0.2512823901126729;0.0852615329235886;0.3711275802817501,0.3711275802817501,True,OSBPL3,ENSG00000070882
rs6946056,7,131870597,1,PLXNA4,ENSG00000221866,0.5541538945181231,0.5541538945181231,True,PLXNA4,ENSG00000221866
rs10255167,7,140676153,7,MKRN1;DENND2A;ADCK2;NDUFB2;BRAF;MRPS33;TMEM178B,ENSG00000133606;ENSG00000146966;ENSG00000133597;ENSG00000090266;ENSG00000157764;ENSG00000090263;ENSG00000261115,0.0275975682136622;0.0962857534714132;-0.0117958365348233;-0.0206364614792852;0.3234408852268502;-0.0368166813396564;0.65132847778102,0.65132847778102,True,TMEM178B,ENSG00000261115
rs62489493,8,9763581,2,TNKS;MSRA,ENSG00000173273;ENSG00000175806,0.3369222911154288;0.8202225313614049,0.8202225313614049,True,MSRA,ENSG00000175806
rs2953928,8,34152492,0,,,.,.,False,.,.
rs6992333,8,144993377,35,MAFA;ZC3H3;GSDMD;MROH6;NAPRT1;EEF1D;TIGD5;PYCRL;TSTA3;ZNF623;ZNF707;CCDC166;MAPK15;FAM83H;SCRIB;PUF60;NRBP2;EPPK1;PLEC;PARP10;GRINA;SPATC1;OPLAH;EXOSC4;GPAA1;CYC1;SHARPIN;MAF1;KIAA1875;FAM203A;MROH1;SCXB;FAM203B;BOP1;SCXA,ENSG00000182759;ENSG00000014164;ENSG00000104518;ENSG00000204839;ENSG00000147813;ENSG00000104529;ENSG00000179886;ENSG00000104524;ENSG00000104522;ENSG00000183309;ENSG00000181135;ENSG00000255181;ENSG00000181085;ENSG00000180921;ENSG00000180900;ENSG00000179950;ENSG00000185189;ENSG00000227184;ENSG00000178209;ENSG00000178685;ENSG00000178719;ENSG00000186583;ENSG00000178814;ENSG00000178896;ENSG00000197858;ENSG00000179091;ENSG00000179526;ENSG00000179632;ENSG00000179698;ENSG00000235173;ENSG00000179832;ENSG00000187786;ENSG00000230567;ENSG00000170727;ENSG00000188686,-0.1137034372213071;0.0875224981263505;-0.1516442984391437;-0.1630511218996146;-0.1340723151819119;0.0414854528813003;-0.0925858180146072;-0.0037482252648057;0.0043368226867344;-0.0067672039964422;-0.0503616357674325;-0.1123602427461857;-0.0537366178154808;-0.0949870354721944;0.0870185315536927;0.0591564692809629;0.125584944835456;-0.0866412452469774;0.0504076380908084;-0.1176632090680809;-0.0251958613714934;-0.148113176477567;-0.0716062731871486;-0.0661853781836449;-0.0402933107821324;-0.0206653883606611;-0.0441105082631494;0.0218976153770505;-0.0925858180146072;-0.1019777909830921;0.0978791135671613;-0.1260092550259616;-0.1019777909830921;-0.1019777909830921;-0.0925858180146072,0.125584944835456,True,NRBP2,ENSG00000185189
rs61846516,10,62123438,4,CCDC6;C10orf40;ANK3;CDK1,ENSG00000108091;ENSG00000235931;ENSG00000151150;ENSG00000170312,0.1188563467166552;-0.1024856332327685;0.6599584945078453;-0.1324513626306723,0.6599584945078453,True,ANK3,ENSG00000151150
rs2273738,10,111648659,4,XPNPEP1;ADD3;MXI1;SMNDC1,ENSG00000108039;ENSG00000148700;ENSG00000119950;ENSG00000119953,0.0091519679453202;0.1959436953306066;0.0892142732557296;-0.0582917429963567,0.1959436953306066,True,ADD3,ENSG00000148700
rs174592,11,61618608,26,DAK;CYB561A3;TMEM138;TMEM216;CPSF7;SDHAF2;PPP1R32;LRRC10B;SYT7;DAGLA;MYRF;TMEM258;FEN1;FADS2;FADS1;FADS3;RAB3IL1;BEST1;FTH1;INCENP;SCGB1D1;SCGB2A1;SCGB1D2;SCGB2A2;SCGB1D4;ASRGL1,ENSG00000149476;ENSG00000162144;ENSG00000149483;ENSG00000187049;ENSG00000149532;ENSG00000167985;ENSG00000162148;ENSG00000204950;ENSG00000011347;ENSG00000134780;ENSG00000124920;ENSG00000134825;ENSG00000168496;ENSG00000134824;ENSG00000149485;ENSG00000221968;ENSG00000167994;ENSG00000167995;ENSG00000167996;ENSG00000149503;ENSG00000168515;ENSG00000124939;ENSG00000124935;ENSG00000110484;ENSG00000197745;ENSG00000162174,-0.1119943071871518;-0.0595405108470471;-0.0205253460180034;-0.0403259955066983;0.1632552768666765;0.0595154678332394;-0.1027208850935411;-0.0726116731540414;0.2642225388727071;0.2638260972417154;0.059949740510713;-0.0441295061597684;-0.0790303386987047;0.0945818441885524;0.0776163652527613;-0.0272549204768765;-0.1588869600780358;-0.1095048773246697;-0.1049364365412903;-0.0359298589056881;-0.1366366114544738;-0.1258316504199389;-0.1175947398590369;-0.1175947398590369;-0.1260092550259616;0.1704122803999448,0.2642225388727071,True,SYT7,ENSG00000011347
rs4672,11,64009879,31,RTN3;C11orf84;MARK2;RCOR2;NAA40;COX8A;OTUB1;MACROD1;FLRT1;STIP1;FERMT3;TRPT1;NUDT22;DNAJC4;VEGFB;FKBP2;PPP1R14B;PLCB3;BAD;GPR137;KCNK4;TEX40;ESRRA;TRMT112;PRDX5;CCDC88B;RPS6KA4;SLC22A11;SLC22A12;NRXN2;RASGRP2,ENSG00000133318;ENSG00000168005;ENSG00000072518;ENSG00000167771;ENSG00000110583;ENSG00000176340;ENSG00000167770;ENSG00000133315;ENSG00000126500;ENSG00000168439;ENSG00000149781;ENSG00000149743;ENSG00000149761;ENSG00000110011;ENSG00000173511;ENSG00000173486;ENSG00000173457;ENSG00000149782;ENSG00000002330;ENSG00000173264;ENSG00000182450;ENSG00000219435;ENSG00000173153;ENSG00000173113;ENSG00000126432;ENSG00000168071;ENSG00000162302;ENSG00000168065;ENSG00000197891;ENSG00000110076;ENSG00000068831,0.5385935145413243;0.148807860206604;0.3015805901085056;0.1436716661540675;0.0663945558441927;-0.0671112413688365;0.1193114191028986;0.0078664978778727;0.1406334673281384;0.0398149391737275;-0.0515584031851945;-0.0582087533001711;-0.1097835009309908;-0.0732721964586434;-0.058311102858753;-0.0336215155753476;-0.1224831325081102;-0.1636715222929216;0.0687370179072536;0.0007789805087602;0.1308242819329983;-0.0774232767817142;-0.0016305068168363;-0.0982223456148626;-0.0405907407261863;-0.1061201495384626;-0.0338347563043647;-0.1260092550259616;-0.1244473677853123;0.558373257035049;0.0254448383132472,0.558373257035049,True,NRXN2,ENSG00000110076
rs475805,11,65848738,45,EHBP1L1;KCNK7;MAP3K11;PCNXL3;SIPA1;RELA;KAT5;RNASEH2C;AP5B1;OVOL1;CFL1;SNX32;MUS81;EFEMP2;CTSW;FIBP;CCDC85B;FOSL1;C11orf68;DRAP1;SART1;EIF1AD;BANF1;CST6;CATSPER1;GAL3ST3;SF3B2;PACS1;KLC2;RAB1B;CNIH2;YIF1A;TMEM151A;CD248;RIN1;BRMS1;B3GNT1;SLC29A2;NPAS4;MRPL11;PELI3;DPP3;BBS1;ZDHHC24;CTSF,ENSG00000173442;ENSG00000173338;ENSG00000173327;ENSG00000197136;ENSG00000213445;ENSG00000173039;ENSG00000172977;ENSG00000172922;ENSG00000254470;ENSG00000172818;ENSG00000172757;ENSG00000172803;ENSG00000172732;ENSG00000172638;ENSG00000172543;ENSG00000172500;ENSG00000175602;ENSG00000175592;ENSG00000175573;ENSG00000175550;ENSG00000175467;ENSG00000175376;ENSG00000175334;ENSG00000175315;ENSG00000175294;ENSG00000175229;ENSG00000087365;ENSG00000175115;ENSG00000174996;ENSG00000174903;ENSG00000174871;ENSG00000174851;ENSG00000179292;ENSG00000174807;ENSG00000174791;ENSG00000174744;ENSG00000174684;ENSG00000174669;ENSG00000174576;ENSG00000174547;ENSG00000174516;ENSG00000254986;ENSG00000174483;ENSG00000174165;ENSG00000174080,0.0549103590433372;-0.1100095196992896;-0.1018357589141861;-0.10677559165353;-0.1298746324200305;0.0161630048188838;0.0316801357836844;-0.0566206353034858;-0.1170108826351662;-0.1300664342322884;-0.0322006426811528;0.2564386284801563;0.0721415152555387;-0.00435009609969;-0.1725058080299275;0.0151464224341419;-0.0024820331190652;-0.1140958439719119;-0.0564971461805571;-0.0422028600659859;-0.0013697162880483;-0.0774077340343677;-0.0839119034561014;-0.1029415735679144;-0.114791451037423;-0.0059730428937384;0.0750930145230695;0.2319407820877622;0.1923286140545609;-0.0301788336326505;0.1994713662157225;-0.0205797366074983;0.1177589129360335;-0.2053097386705248;-0.0745889842885247;0.0098329972913749;0.0319570621074535;-0.0153174108642771;-0.0473340844564523;-0.0222690389044603;0.1464921065978584;0.0196375733633347;0.0723723899662703;-0.0267413275503732;-0.0232451972826881,0.2564386284801563,True,SNX32,ENSG00000172803
rs678397,11,66324583,32,SF3B2;PACS1;KLC2;RAB1B;CNIH2;YIF1A;TMEM151A;CD248;RIN1;BRMS1;B3GNT1;SLC29A2;NPAS4;MRPL11;PELI3;DPP3;BBS1;ZDHHC24;CTSF;CCDC87;CCS;RBM14;RBM4;RBM4B;SPTBN2;C11orf80;RCE1;PC;LRFN4;C11orf86;SYT12;RHOD,ENSG00000087365;ENSG00000175115;ENSG00000174996;ENSG00000174903;ENSG00000174871;ENSG00000174851;ENSG00000179292;ENSG00000174807;ENSG00000174791;ENSG00000174744;ENSG00000174684;ENSG00000174669;ENSG00000174576;ENSG00000174547;ENSG00000174516;ENSG00000254986;ENSG00000174483;ENSG00000174165;ENSG00000174080;ENSG00000182791;ENSG00000173992;ENSG00000239306;ENSG00000173933;ENSG00000173914;ENSG00000173898;ENSG00000173715;ENSG00000173653;ENSG00000173599;ENSG00000173621;ENSG00000173237;ENSG00000173227;ENSG00000173156,0.0750930145230695;0.2319407820877622;0.1923286140545609;-0.0301788336326505;0.1994713662157225;-0.0205797366074983;0.1177589129360335;-0.2053097386705248;-0.0745889842885247;0.0098329972913749;0.0319570621074535;-0.0153174108642771;-0.0473340844564523;-0.0222690389044603;0.1464921065978584;0.0196375733633347;0.0723723899662703;-0.0267413275503732;-0.0232451972826881;-0.1239220325942581;0.0422412836060972;0.0101276062927884;0.26527939710656;0.0873635351296648;0.4482296383242957;0.0483698380018223;-0.0515130221852028;-0.1710048470688107;-0.0128354011274165;-0.1024012518146859;0.0123011751596179;-0.1882079104048443,0.4482296383242957,True,SPTBN2,ENSG00000173898
rs12575685,11,70517927,5,ANO1;FADD;PPFIA1;CTTN;SHANK2,ENSG00000131620;ENSG00000168040;ENSG00000131626;ENSG00000085733;ENSG00000162105,-0.1564377367148727;-0.0717936700021538;0.1625520919624829;0.0884808893745863;0.4833938513568526,0.4833938513568526,True,SHANK2,ENSG00000162105
rs2159100,12,2346393,5,ADIPOR2;CACNA2D4;LRTM2;DCP1B;CACNA1C,ENSG00000006831;ENSG00000151062;ENSG00000166159;ENSG00000151065;ENSG00000151067,0.0414502806513804;-0.0721549941778187;0.0936300427458954;0.1885563786744955;0.4557432410721668,0.4557432410721668,True,CACNA1C,ENSG00000151067
rs35306827,13,113869045,15,ATP11A;MCF2L;F7;F10;PROZ;PCID2;CUL4A;LAMP1;GRTP1;ADPRHL1;DCUN1D2;TMCO3;TFDP1;ATP4B;GRK1,ENSG00000068650;ENSG00000126217;ENSG00000057593;ENSG00000126218;ENSG00000126231;ENSG00000126226;ENSG00000139842;ENSG00000185896;ENSG00000139835;ENSG00000153531;ENSG00000150401;ENSG00000150403;ENSG00000198176;ENSG00000186009;ENSG00000185974,0.175690846541189;0.3387037136522924;-0.0892057130543145;-0.1244075468476981;-0.1493555734250115;0.0622428556921471;0.1391701747093554;-0.0113476207577737;-0.0497167885560688;-0.1274666775669924;0.1480004739458492;0.1170267670225758;-0.1072687505925822;-0.1109578040840859;-0.0934124980944412,0.3387037136522924,True,MCF2L,ENSG00000126217
rs2693698,14,99719219,7,BCL11B;SETD3;CCNK;CCDC85C;HHIPL1;CYP46A1;EML1,ENSG00000127152;ENSG00000183576;ENSG00000090061;ENSG00000205476;ENSG00000182218;ENSG00000036530;ENSG00000066629,0.4504618833959308;0.2130227863030011;0.0345775399514484;0.0799244042318442;0.0742524169509777;0.1881185992541456;0.4082903330563644,0.4504618833959308,True,BCL11B,ENSG00000127152
rs35958438,15,38973793,4,SPRED1;FAM98B;RASGRP1;C15orf53,ENSG00000166068;ENSG00000171262;ENSG00000172575;ENSG00000175779,0.2358190945239567;0.0608785938428634;0.2353843621200245;-0.1219149504316676,0.2358190945239567,True,SPRED1,ENSG00000166068
rs4447398,15,42904904,14,PLA2G4F;VPS39;TMEM87A;GANC;CAPN3;ZNF106;SNAP23;LRRC57;HAUS2;STARD9;CDAN1;TTBK2;UBR1;EPB42,ENSG00000168907;ENSG00000166887;ENSG00000103978;ENSG00000214013;ENSG00000092529;ENSG00000103994;ENSG00000092531;ENSG00000180979;ENSG00000137814;ENSG00000159433;ENSG00000140326;ENSG00000128881;ENSG00000159459;ENSG00000166947,-0.1013533958044519;0.1018548956176954;0.0941404955951775;-0.0212751621338001;-0.09822019844987;0.1126867089420342;0.0652256205182175;-0.0320779431174848;-0.0503125941326618;0.024190558711376;-0.0093362864715731;0.0416482674448025;0.2287045927531904;-0.1186579486265907,0.2287045927531904,True,UBR1,ENSG00000159459
rs62011709,15,83531774,13,GOLGA6L20;RPS17L;CPEB1;AP3B2;FSD2;WHAMM;HOMER2;FAM103A1;C15orf40;BTBD1;TM6SF1;HDGFRP3;BNC1,ENSG00000196648;ENSG00000182774;ENSG00000214575;ENSG00000103723;ENSG00000186628;ENSG00000156232;ENSG00000103942;ENSG00000169612;ENSG00000169609;ENSG00000064726;ENSG00000136404;ENSG00000166503;ENSG00000169594,-0.1117082075286368;-0.1260092550259616;0.1079896345475304;0.3594028190553873;-0.1045455402639438;0.0068170480702489;0.0858463614493708;-0.0459347629728969;-0.0261544517202883;0.1569537487131705;0.0975361052691734;0.3460205819339764;-0.1184389196011725,0.3594028190553873,True,AP3B2,ENSG00000103723
rs748455,15,85149575,11,ADAMTSL3;UBE2Q2L;GOLGA6L4;ZSCAN2;WDR73;NMB;SEC11A;ZNF592;ALPK3;SLC28A1;PDE8A,ENSG00000156218;ENSG00000259511;ENSG00000184206;ENSG00000176371;ENSG00000177082;ENSG00000197696;ENSG00000140612;ENSG00000166716;ENSG00000136383;ENSG00000156222;ENSG00000073417,-0.0061971729923134;-0.1019777909830921;-0.1059059537568953;0.0144889176990217;0.0295926804255164;-0.073172022562837;0.1538110893943715;0.088588952447931;-0.0847816440491683;-0.0875578676735851;-0.0581246022208313,0.1538110893943715,True,SEC11A,ENSG00000140612
rs4702,15,91426560,12,IQGAP1;CRTC3;BLM;FURIN;FES;MAN2A2;UNC45A;HDDC3;RCCD1;PRC1;VPS33B;SV2B,ENSG00000140575;ENSG00000140577;ENSG00000197299;ENSG00000140564;ENSG00000182511;ENSG00000196547;ENSG00000140553;ENSG00000184508;ENSG00000166965;ENSG00000198901;ENSG00000184056;ENSG00000185518,0.2155203782830156;0.200666374494745;0.0596934766492531;-0.0215117509082649;-0.131606667827236;0.1449248930675453;0.1198512231328056;-0.1167007141127493;0.0196526565953818;-0.1463230026195504;0.0872157421754391;0.4229628261754931,0.4229628261754931,True,SV2B,ENSG00000185518
rs28455634,16,9230816,7,METTL22;ABAT;TMEM186;PMM2;CARHSP1;USP7;C16orf72,ENSG00000067365;ENSG00000183044;ENSG00000184857;ENSG00000140650;ENSG00000153048;ENSG00000187555;ENSG00000182831,0.0244782566564055;0.2236699612856205;0.0199659194954007;0.083359633162859;-0.0591266376460853;0.251881597916084;0.1432601646297106,0.251881597916084,True,USP7,ENSG00000187555
rs7199910,16,9926348,2,GRIN2A;ATF7IP2,ENSG00000183454;ENSG00000166669,0.5584221195319908;-0.108340456994853,0.5584221195319908,True,GRIN2A,ENSG00000183454
rs12932628,16,89632725,27,ACSF3;CDH15;SLC22A31;ZNF778;ANKRD11;SPG7;RPL13;CPNE7;DPEP1;CHMP1A;SPATA33;CDK10;SPATA2L;VPS9D1;ZNF276;FANCA;SPIRE2;TCF25;MC1R;TUBB3;TUBB3;DEF8;CENPBD1;DBNDD1;GAS8;C16orf3;PRDM7,ENSG00000176715;ENSG00000129910;ENSG00000259803;ENSG00000170100;ENSG00000167522;ENSG00000197912;ENSG00000167526;ENSG00000178773;ENSG00000015413;ENSG00000131165;ENSG00000167523;ENSG00000185324;ENSG00000158792;ENSG00000075399;ENSG00000158805;ENSG00000187741;ENSG00000204991;ENSG00000141002;ENSG00000258839;ENSG00000198211;ENSG00000258947;ENSG00000140995;ENSG00000177946;ENSG00000003249;ENSG00000141013;ENSG00000221819;ENSG00000126856,-0.0378521248666005;-0.0739212645233213;-0.0930792297325395;-0.0831525095696645;0.3455020308850459;-0.0263364945004483;-0.0329764273490225;0.1543434947210634;-0.1141268980529009;-0.0539654893055144;-0.1244542388025279;-0.0265838157893369;-0.0604679251204863;0.1127057949925741;-0.0087615713939811;-0.0799160858263309;-0.0139657742569965;0.1125362095877292;-0.0687287003873349;-0.1019777909830921;0.1400604931497285;0.0364229124152048;-0.0925858180146072;0.109531315466355;-0.0230186572394071;-0.0967804559973783;-0.1024856332327685,0.3455020308850459,True,ANKRD11,ENSG00000167522
rs11870683,17,38129841,30,CDK12;NEUROD2;PPP1R1B;STARD3;TCAP;PNMT;PGAP3;ERBB2;MIEN1;GRB7;IKZF3;ZPBP2;GSDMB;ORMDL3;LRRC3C;GSDMA;PSMD3;CSF3;MED24;THRA;NR1D1;MSL1;CASC3;RAPGEFL1;WIPF2;CDC6;RARA;GJD3;TOP2A;IGFBP4,ENSG00000167258;ENSG00000171532;ENSG00000131771;ENSG00000131748;ENSG00000173991;ENSG00000141744;ENSG00000161395;ENSG00000141736;ENSG00000141741;ENSG00000141738;ENSG00000161405;ENSG00000186075;ENSG00000073605;ENSG00000172057;ENSG00000204913;ENSG00000167914;ENSG00000108344;ENSG00000108342;ENSG00000008838;ENSG00000126351;ENSG00000126368;ENSG00000188895;ENSG00000108349;ENSG00000108352;ENSG00000171475;ENSG00000094804;ENSG00000131759;ENSG00000183153;ENSG00000131747;ENSG00000141753,0.1351620938399566;0.1146579479867137;0.0985598727415924;-0.0052898852298394;-0.1052905748052658;-0.0994772952313792;-0.0814726839893226;-0.1631066263293451;0.003714593421314;-0.1536414567037141;-0.1269480707028908;-0.1013319999471037;-0.11495295274535;-0.0717120144384289;-0.1019777909830921;-0.1030148775269753;0.0250194126039705;-0.1061757354905087;0.0664732891835229;0.4640600970413907;-0.0408597623835135;0.0754137534407615;0.1852040684698926;0.1153037281001412;0.1512003319941841;-0.079091623991913;-0.0749551515412856;-0.111255179888523;-0.0268598213497046;-0.1123208192536562,0.4640600970413907,True,THRA,ENSG00000126351
rs61554907,17,38220432,32,CDK12;NEUROD2;PPP1R1B;STARD3;TCAP;PNMT;PGAP3;ERBB2;MIEN1;GRB7;IKZF3;ZPBP2;GSDMB;ORMDL3;LRRC3C;GSDMA;PSMD3;CSF3;MED24;THRA;NR1D1;MSL1;CASC3;RAPGEFL1;WIPF2;CDC6;RARA;GJD3;TOP2A;IGFBP4;TNS4;CCR7,ENSG00000167258;ENSG00000171532;ENSG00000131771;ENSG00000131748;ENSG00000173991;ENSG00000141744;ENSG00000161395;ENSG00000141736;ENSG00000141741;ENSG00000141738;ENSG00000161405;ENSG00000186075;ENSG00000073605;ENSG00000172057;ENSG00000204913;ENSG00000167914;ENSG00000108344;ENSG00000108342;ENSG00000008838;ENSG00000126351;ENSG00000126368;ENSG00000188895;ENSG00000108349;ENSG00000108352;ENSG00000171475;ENSG00000094804;ENSG00000131759;ENSG00000183153;ENSG00000131747;ENSG00000141753;ENSG00000131746;ENSG00000126353,0.1351620938399566;0.1146579479867137;0.0985598727415924;-0.0052898852298394;-0.1052905748052658;-0.0994772952313792;-0.0814726839893226;-0.1631066263293451;0.003714593421314;-0.1536414567037141;-0.1269480707028908;-0.1013319999471037;-0.11495295274535;-0.0717120144384289;-0.1019777909830921;-0.1030148775269753;0.0250194126039705;-0.1061757354905087;0.0664732891835229;0.4640600970413907;-0.0408597623835135;0.0754137534407615;0.1852040684698926;0.1153037281001412;0.1512003319941841;-0.079091623991913;-0.0749551515412856;-0.111255179888523;-0.0268598213497046;-0.1123208192536562;-0.1184012637939288;-0.1165243508023047,0.4640600970413907,True,THRA,ENSG00000126351
rs228768,17,42191893,28,MEOX1;SOST;DUSP3;C17orf105;MPP3;CD300LG;MPP2;FAM215A;PPY;PYY;NAGS;TMEM101;LSM12;G6PC3;HDAC5;C17orf53;ASB16;TMUB2;ATXN7L3;UBTF;SLC4A1;RUNDC3A;SLC25A39;GRN;FAM171A2;ITGA2B;GPATCH8;FZD2,ENSG00000005102;ENSG00000167941;ENSG00000108861;ENSG00000231256;ENSG00000161647;ENSG00000161649;ENSG00000108852;ENSG00000267496;ENSG00000108849;ENSG00000131096;ENSG00000161653;ENSG00000091947;ENSG00000161654;ENSG00000141349;ENSG00000108840;ENSG00000125319;ENSG00000161664;ENSG00000168591;ENSG00000087152;ENSG00000108312;ENSG00000004939;ENSG00000108309;ENSG00000013306;ENSG00000030582;ENSG00000161682;ENSG00000005961;ENSG00000186566;ENSG00000180340,-0.1665007560936967;-0.0941244947502382;0.0014608187880046;-0.1014105769887021;0.0874835896810466;-0.1094115770577827;0.2125757015926982;-0.1019777909830921;-0.1260092550259616;-0.1024012518146859;-0.1090290915089154;-0.0806159250630219;0.0061230289621112;-0.057310021437282;0.1822959577375233;-0.1001981251026297;-0.135246729048176;-0.0043609861287011;0.0765079321407257;0.0149370999047809;-0.1174030344844725;0.2187995809324049;-0.0802167097490841;-0.1054914133525494;0.213517969999297;-0.0726014207786379;0.4229907492032249;-0.1300769238771484,0.4229907492032249,True,GPATCH8,ENSG00000186566
rs67712855,20,43682551,28,PKIG;ADA;WISP2;KCNK15;RIMS4;YWHAB;PABPC1L;TOMM34;STK4;KCNS1;WFDC5;WFDC12;PI3;SEMG1;SEMG2;SLPI;MATN4;RBPJL;SDC4;SYS1;TP53TG5;DBNDD2;PIGT;WFDC2;SPINT3;WFDC6;EPPIN;WFDC8,ENSG00000168734;ENSG00000196839;ENSG00000064205;ENSG00000124249;ENSG00000101098;ENSG00000166913;ENSG00000101104;ENSG00000025772;ENSG00000101109;ENSG00000124134;ENSG00000175121;ENSG00000168703;ENSG00000124102;ENSG00000124233;ENSG00000124157;ENSG00000124107;ENSG00000124159;ENSG00000124232;ENSG00000124145;ENSG00000204070;ENSG00000124251;ENSG00000244274;ENSG00000124155;ENSG00000101443;ENSG00000101446;ENSG00000243543;ENSG00000101448;ENSG00000158901,0.1119633010358262;-0.0712567893195626;-0.0806373022097154;-0.0915720000970064;0.2660776704520257;0.1671360589657325;-0.0791140849249474;0.0458181420601999;0.070064621390092;-0.0081360510451949;-0.1054665266604051;-0.1143450623199859;-0.1284985412663495;-0.1260092550259616;-0.1260092550259616;-0.0934592876678148;-0.1159317832999822;-0.1207969343385132;-0.1590577422349476;-0.090758837608845;-0.1064264626428375;0.0195496484230791;-0.0085060037972594;-0.1042693516613937;-0.1054665266604051;-0.1024856332327685;-0.1024856332327685;-0.136339145125409,0.2660776704520257,True,RIMS4,ENSG00000101098
rs6032109,20,43944241,32,YWHAB;PABPC1L;TOMM34;STK4;KCNS1;WFDC5;WFDC12;PI3;SEMG1;SEMG2;SLPI;MATN4;RBPJL;SDC4;SYS1;TP53TG5;DBNDD2;PIGT;WFDC2;SPINT3;WFDC6;EPPIN;WFDC8;WFDC9;WFDC10A;WFDC11;WFDC10B;WFDC13;SPINT4;WFDC3;DNTTIP1;UBE2C,ENSG00000166913;ENSG00000101104;ENSG00000025772;ENSG00000101109;ENSG00000124134;ENSG00000175121;ENSG00000168703;ENSG00000124102;ENSG00000124233;ENSG00000124157;ENSG00000124107;ENSG00000124159;ENSG00000124232;ENSG00000124145;ENSG00000204070;ENSG00000124251;ENSG00000244274;ENSG00000124155;ENSG00000101443;ENSG00000101446;ENSG00000243543;ENSG00000101448;ENSG00000158901;ENSG00000180205;ENSG00000180305;ENSG00000180083;ENSG00000182931;ENSG00000168634;ENSG00000149651;ENSG00000124116;ENSG00000101457;ENSG00000175063,0.1671360589657325;-0.0791140849249474;0.0458181420601999;0.070064621390092;-0.0081360510451949;-0.1054665266604051;-0.1143450623199859;-0.1284985412663495;-0.1260092550259616;-0.1260092550259616;-0.0934592876678148;-0.1159317832999822;-0.1207969343385132;-0.1590577422349476;-0.090758837608845;-0.1064264626428375;0.0195496484230791;-0.0085060037972594;-0.1042693516613937;-0.1054665266604051;-0.1024856332327685;-0.1024856332327685;-0.136339145125409;-0.1019777909830921;-0.0920809643825205;-0.1016877352972882;-0.1054665266604051;-0.1090541027104958;-0.1019777909830921;-0.1151940592920773;0.123358194555147;-0.1417265314073688,0.1671360589657325,True,YWHAB,ENSG00000166913
rs237460,20,48033127,10,ARFGEF2;CSE1L;STAU1;DDX27;ZNFX1;KCNB1;PTGIS;B4GALT5;SLC9A8;SPATA2,ENSG00000124198;ENSG00000124207;ENSG00000124214;ENSG00000124228;ENSG00000124201;ENSG00000158445;ENSG00000124212;ENSG00000158470;ENSG00000197818;ENSG00000158480,0.1579048606786062;0.0786207860974462;0.1660737031254328;0.025707409051964;0.01863294032292;0.2654279230705906;-0.0799113482061527;0.102049401433757;0.069932192668032;0.1442393160137885,0.2654279230705906,True,KCNB1,ENSG00000158445
rs13044225,20,60865815,17,CDH4;TAF4;LSM14B;PSMA7;SS18L1;MTG2;HRH3;OSBPL2;ADRM1;LAMA5;RPS21;CABLES2;RBBP8NL;GATA5;C20orf166;SLCO4A1;NTSR1,ENSG00000179242;ENSG00000130699;ENSG00000149657;ENSG00000101182;ENSG00000184402;ENSG00000101181;ENSG00000101180;ENSG00000130703;ENSG00000130706;ENSG00000130702;ENSG00000171858;ENSG00000149679;ENSG00000130701;ENSG00000130700;ENSG00000174407;ENSG00000101187;ENSG00000101188,0.2400428937012819;-0.089110385908626;0.092567747487777;-0.0194869753446872;0.053541906176952;0.0844823711973128;0.0782521826856713;0.1280616180036691;-0.0459895051845253;-0.0958555797426747;-0.0697104129664895;-0.0135855338999633;-0.1201049199706019;-0.1031510400143484;-0.1019777909830921;-0.1071070746549578;0.069819065356496,0.2400428937012819,True,CDH4,ENSG00000179242
rs5758064,22,41153879,14,TNRC6B;ADSL;SGSM3;MKL1;MCHR1;SLC25A17;ST13;XPNPEP3;DNAJB7;RBX1;EP300;L3MBTL2;CHADL;RANGAP1,ENSG00000100354;ENSG00000239900;ENSG00000100359;ENSG00000196588;ENSG00000128285;ENSG00000100372;ENSG00000100380;ENSG00000196236;ENSG00000172404;ENSG00000100387;ENSG00000100393;ENSG00000100395;ENSG00000100399;ENSG00000100401,0.3564419354520283;0.0138245863324083;0.0725325895098334;0.3305701338715694;-0.02907421412572;0.0141216587192403;0.1447286324150585;0.0027490388561139;-0.1347438418504143;0.1228114758449586;0.2698005469269559;0.0606043835737138;0.0624216461187892;0.1427711475893592,0.3564419354520283,True,TNRC6B,ENSG00000100354
