CHR,POS,AF_global,AF_EAS,AF_EUR,AF_AMR,AF_AFR,AF_SAS
22,27895825,0.11901,0.1319,0.0249,0.0461,0.1377,0.229
15,101087280,0.0159744,0.002,0.0149,0.0836,0.0015,0.0031
4,165066167,0.728834,0.4831,0.8926,0.7305,0.7791,0.7444
16,60164054,0.307109,0.5506,0.2734,0.2421,0.177,0.3129
7,141092191,0.0255591,0.004,0.0169,0.0159,0.056,0.0225
12,52117093,0.0700879,0.0764,0.0378,0.0346,0.0847,0.1022
18,583274,0.0676917,0.0714,0.0268,0.0533,0.0666,0.1176
15,55611804,0.0826677,0.0347,0.0487,0.0389,0.2239,0.0072
5,5093940,0.239018,0.0873,0.4135,0.366,0.1051,0.3067
18,13836756,0.0373403,0,0.0278,0.0303,0.0862,0.0245
4,172682884,0.718251,0.8383,0.8966,0.8617,0.2927,0.8845
13,99066034,0.111821,0.001,0.1531,0.1844,0.0946,0.1554
5,128352880,0.226038,0.2411,0.1779,0.2219,0.2352,0.2505
11,107193410,0.529553,0.501,0.501,0.4424,0.733,0.3753
5,153568164,0.0225639,0.001,0.0378,0.0375,0.0204,0.0215
5,144393385,0.0638978,0.001,0.0606,0.0331,0.1074,0.0951
2,83587173,0.0115815,0,0.0169,0.013,0.003,0.0286
2,34763641,0.695288,0.4702,0.826,0.6916,0.7496,0.7219
17,58843058,0.264177,0.0169,0.1074,0.1715,0.8079,0.0112
21,39232216,0.146366,0.3849,0.0785,0.1628,0.0212,0.1278
20,11377276,0.859824,0.9206,0.8698,0.9236,0.711,0.9427
11,69589142,0.182109,0.1667,0.2654,0.1988,0.1029,0.2076
4,59828354,0.249002,0.2927,0.2575,0.3631,0.1452,0.2546
14,80069683,0.0539137,0.0893,0.0765,0.0749,0.0144,0.0327
21,46853482,0.767772,0.6637,0.8121,0.8343,0.7564,0.7975
1,44028962,0.265974,0.2391,0.2575,0.4236,0.0938,0.4233
5,8315073,0.134385,0.1111,0.0368,0.1441,0.2632,0.0777
14,71305485,0.213259,0.0298,0.2525,0.1599,0.2065,0.409
17,34434181,0.0165735,0,0.0447,0.0389,0,0.0112
17,68977877,0.853634,0.9722,0.7903,0.8401,0.8941,0.7515
3,94260721,0.326677,0.374,0.2992,0.2061,0.4576,0.2147
8,1861971,0.111022,0.003,0.1561,0.1052,0.1921,0.0706
1,195870879,0.794329,0.9375,0.8072,0.8429,0.6467,0.7986
3,59784509,0.507788,0.6567,0.6441,0.6772,0.1384,0.593
13,84616050,0.501797,0.3413,0.4384,0.3444,0.7065,0.5675
6,66772704,0.701478,0.7817,0.5417,0.6744,0.8003,0.6687
19,53012857,0.297724,0.0903,0.3429,0.3372,0.4077,0.2883
5,57906749,0.01877,0,0.0467,0.0173,0.0015,0.0337
7,123001600,0.20008,0.2133,0.1421,0.2089,0.1982,0.2423
10,37712642,0.740016,0.8075,0.671,0.7752,0.6422,0.8487
7,41197170,0.745807,0.8036,0.6879,0.7723,0.6475,0.8599
13,36113758,0.113019,0.3075,0.0855,0.1009,0.0091,0.09
11,73755398,0.0421326,0.0119,0.0517,0.0432,0.0144,0.1002
13,26840163,0.265775,0.4444,0.2952,0.3703,0.0711,0.2403
10,36401541,0.024361,0.002,0.0716,0.036,0.0045,0.0174
1,193908726,0.0177716,0,0.0547,0.0231,0.003,0.0143
10,58734995,0.52516,0.7877,0.6213,0.6542,0.0915,0.6503
17,78422438,0.826478,0.7817,0.7565,0.7104,0.9281,0.8896
3,111937667,0.334065,0.3393,0.2376,0.4049,0.3631,0.3384
11,13110993,0.441893,0.1687,0.503,0.5749,0.5061,0.4796
8,74350011,0.0427316,0.0218,0.0268,0.1383,0.0015,0.0685
6,112272805,0.382588,0.3681,0.1541,0.2161,0.7186,0.2965
7,13110152,0.0101837,0,0.0249,0.0115,0.0121,0.002
2,234613677,0.216653,0.4315,0.2744,0.245,0.0469,0.1452
10,99559633,0.988019,0.999,0.9751,0.9841,1,0.9765
9,110380582,0.0822684,0.0714,0.1581,0.1153,0.0061,0.0951
7,44764995,0.01877,0.001,0.0686,0.0231,0,0.0082
10,23643481,0.673323,0.8591,0.4652,0.6585,0.7436,0.6115
19,28526946,0.0311502,0.002,0.0537,0.0937,0.0023,0.0327
3,25618692,0.411741,0.3859,0.3519,0.4726,0.4516,0.4029
12,87121911,0.0183706,0.002,0.0467,0.013,0.0174,0.0112
1,179807320,0.10623,0.0972,0.0427,0.0403,0.1884,0.1166
17,20894957,0.709665,0.4821,0.8022,0.7291,0.7231,0.817
6,25412987,0.881789,0.8363,0.8748,0.9049,0.8828,0.9182
12,94391810,0.0826677,0.1022,0.0278,0.0346,0.1732,0.0307
11,17502129,0.0455272,0.003,0.0408,0.0288,0.0651,0.0798
10,81811072,0.113419,0.0188,0.0845,0.1657,0.1051,0.2147
19,30684358,0.141374,0.1101,0.0646,0.0447,0.2693,0.1483
6,72800249,0.329473,0.3204,0.3966,0.4452,0.0976,0.501
7,10600747,0.230032,0.1101,0.2853,0.255,0.1952,0.3262
1,175213286,0.0311502,0.001,0.0557,0.0432,0.0015,0.0685
2,173325122,0.222444,0.2937,0.2336,0.2104,0.121,0.2832
4,142755426,0.274561,0.5169,0.1541,0.3199,0.2088,0.2055
13,44888247,0.390575,0.2649,0.5398,0.4193,0.264,0.5174
4,93370810,0.353634,0.2401,0.2873,0.2147,0.5356,0.3916
22,47776528,0.13758,0.0139,0.162,0.1225,0.2186,0.1411
10,24470002,0.0155751,0.0069,0.0159,0.0159,0.003,0.0409
21,16126639,0.729034,0.8333,0.5646,0.719,0.77,0.7423
10,109671020,0.483027,0.1895,0.4165,0.3876,0.8752,0.3916
1,243025640,0.600639,0.7996,0.4394,0.5706,0.5605,0.637
1,87848315,0.0423323,0.0397,0.0477,0.0101,0.0303,0.0787
5,150517633,0.301318,0.4425,0.2207,0.3156,0.1021,0.498
22,50877166,0.669129,0.9345,0.661,0.7478,0.4697,0.6176
7,125288271,0.459065,0.3849,0.5507,0.4395,0.5212,0.3712
1,94214656,0.184305,0.0486,0.1193,0.1052,0.4274,0.1186
3,132466045,0.0163738,0.001,0.0427,0.036,0.0008,0.0123
10,22790884,0.162939,0.001,0.0755,0.1095,0.4433,0.0787
5,124995777,0.646366,0.7262,0.7137,0.6772,0.4168,0.7832
8,127295804,0.582668,0.4117,0.6372,0.4078,0.7307,0.6268
14,48433396,0.170327,0,0.1103,0.1009,0.4516,0.0767
4,127771422,0.740415,0.9891,0.8052,0.8444,0.4047,0.7975
4,121914147,0.0155751,0.003,0.0447,0.0245,0.0023,0.0102
22,33171086,0.0585064,0,0.008,0.013,0.205,0.0051
5,55141513,0.690495,0.4554,0.7505,0.5317,0.851,0.7669
9,75980578,0.146965,0.0149,0.0934,0.0576,0.3699,0.1002
1,242704226,0.379193,0.4583,0.4046,0.4611,0.2405,0.4008
2,36740643,0.322684,0.1498,0.3877,0.2709,0.5061,0.2229
14,93031325,0.337061,0.2222,0.3907,0.4107,0.4228,0.2321
11,30084418,0.382188,0.7202,0.3976,0.5432,0.0287,0.3814
5,157242919,0.848243,0.8502,0.8161,0.8458,0.9387,0.7587
15,71811511,0.590455,0.4315,0.5765,0.6196,0.7519,0.5297
6,128863512,0.0523163,0.0228,0.0169,0.0159,0.1225,0.0501
4,16930432,0.124201,0.1032,0.0775,0.1052,0.2148,0.0849
5,180112165,0.847843,0.7639,0.9642,0.879,0.8253,0.8231
2,4556349,0.454872,0.5496,0.4135,0.4553,0.4402,0.4192
4,64589131,0.0375399,0.001,0.0278,0.0245,0.0772,0.0409
19,1929169,0.552316,0.5357,0.2903,0.5014,0.857,0.4632
1,50722989,0.252196,0.1736,0.0944,0.0865,0.5968,0.1472
18,1533927,0.815296,0.8889,0.9026,0.9121,0.5832,0.8947
3,86994763,0.545527,0.5268,0.6054,0.4568,0.5189,0.6022
13,82016774,0.660144,0.6716,0.6183,0.5389,0.8275,0.5511
6,56118037,0.308307,0.0675,0.3419,0.2075,0.6172,0.1759
2,112916869,0.0119808,0,0.0229,0.0245,0.0015,0.0184
6,62246561,0.0145767,0,0.0338,0.0144,0.0038,0.0245
18,72502997,0.659145,0.9484,0.7008,0.7824,0.3328,0.6718
10,30856048,0.473442,0.3522,0.6471,0.5793,0.3177,0.5552
9,137871167,0.391573,0.4395,0.3638,0.2406,0.416,0.4448
12,124688839,0.0778754,0.001,0.0606,0.0403,0.202,0.0337
4,182427024,0.0654952,0.0089,0.0596,0.0663,0.1407,0.0276
21,47013405,0.980831,1,0.9493,0.9784,0.9985,0.9714
17,54081174,0.222644,0.0605,0.1938,0.1023,0.4902,0.1431
7,46390040,0.51278,0.5069,0.7714,0.5504,0.3154,0.4928
4,108156589,0.167332,0.1389,0.0805,0.0836,0.3487,0.1002
16,16097975,0.432109,0.4266,0.5676,0.5504,0.2943,0.4008
6,65745435,0.770966,0.995,0.7952,0.8415,0.5356,0.7832
10,71060621,0.186302,0.5099,0.0537,0.1585,0.1331,0.0808
13,91466652,0.0579073,0.003,0.1362,0.1412,0.0008,0.0521
13,91151095,0.43111,0.5417,0.4503,0.5058,0.289,0.4366
1,102094194,0.737021,0.6627,0.7843,0.7017,0.7943,0.7127
6,29777814,0.0125799,0.001,0.0099,0.0187,0.0295,0
7,16965719,0.203474,0.1627,0.2107,0.1787,0.2057,0.2526
11,124389365,0.0303514,0.0228,0.0189,0.0086,0.0023,0.1033
4,40802503,0.18111,0.1111,0.3032,0.1772,0.2262,0.0695
4,82850971,0.587061,0.6438,0.5139,0.6297,0.5719,0.5941
17,72172973,0.590256,0.2073,0.7306,0.6383,0.7526,0.5869
9,4577963,0.101637,0.0347,0.1421,0.0908,0.146,0.0767
9,15236008,0.152157,0.0764,0.2147,0.1095,0.1967,0.136
4,121778360,0.366414,0.3304,0.4662,0.4164,0.382,0.2444
5,137171477,0.0159744,0,0.0497,0.0389,0.0015,0.001
4,16209019,0.845847,0.7192,0.8688,0.7118,0.9834,0.862
18,54031448,0.53115,0.8274,0.505,0.4164,0.3911,0.5235
2,205616346,0.171126,0.0397,0.0447,0.0836,0.4796,0.0818
10,1357128,0.141374,0.004,0.3559,0.2161,0.0446,0.1401
13,23255141,0.202875,0.3373,0.0984,0.1484,0.1906,0.227
1,226762368,0.158746,0.119,0.0736,0.0591,0.2413,0.2464
3,194864359,0.0621006,0.1796,0.0368,0.0403,0.003,0.0624
5,28334807,0.294129,0.0833,0.5179,0.2666,0.2905,0.3057
12,120040267,0.713658,0.5982,0.7903,0.7363,0.7095,0.7434
3,129599984,0.479034,0.5923,0.1859,0.3285,0.879,0.2301
7,1740790,0.0117812,0,0.0288,0.0231,0,0.0143
7,34917205,0.0221645,0.0278,0.0159,0.0173,0,0.0562
13,25705850,0.821885,0.8373,0.8002,0.9006,0.7322,0.8937
1,171799990,0.471845,0.6667,0.4175,0.3991,0.528,0.3027
10,83571584,0.0359425,0.001,0.0318,0.0115,0.0998,0.0072
2,206205729,0.595048,0.6885,0.7207,0.8112,0.1626,0.8006
10,111765056,0.0271565,0,0.0895,0.0288,0.0023,0.0235
20,60040635,0.395767,0.3006,0.4205,0.5533,0.4017,0.3487
22,48743330,0.288938,0.3502,0.1471,0.2378,0.4584,0.1789
14,68890177,0.0870607,0.0337,0.2167,0.1254,0.0061,0.091
2,231543242,0.194089,0.003,0.2157,0.1729,0.3812,0.1309
11,35300122,0.340455,0.4325,0.3757,0.3602,0.1006,0.5194
5,73449499,0.533347,0.7024,0.6521,0.5605,0.2027,0.6646
10,57258602,0.497604,0.7956,0.335,0.5029,0.3812,0.5112
7,131945448,0.241014,0.0079,0.3141,0.2291,0.4259,0.1646
15,79397843,0.123003,0,0.0934,0.0764,0.3404,0.0194
1,41717322,0.0712859,0.0863,0.1193,0.0576,0.0061,0.1043
3,137717991,0.26857,0.255,0.2674,0.2968,0.2345,0.3098
2,106609778,0.458267,0.6647,0.2515,0.2983,0.4955,0.5215
9,71724366,0.0295527,0.001,0.0487,0.0288,0.003,0.0757
9,38151028,0.0117812,0.0248,0.0089,0.0159,0.0015,0.0123
4,5717819,0.171326,0.3313,0.1203,0.2608,0.0136,0.2086
12,43100957,0.615216,0.6806,0.7803,0.647,0.3434,0.7229
14,34807423,0.484225,0.7212,0.4612,0.4006,0.3283,0.5337
2,123510229,0.0457268,0,0.0229,0.0144,0.0976,0.0685
22,19615168,0.0225639,0.0089,0.0268,0.0403,0.0159,0.0286
14,105365156,0.627995,0.2917,0.8101,0.6772,0.6717,0.6933
3,121942942,0.0129792,0,0.0487,0.0144,0,0.0061
15,92321911,0.120607,0.1052,0.0089,0.0432,0.2943,0.0716
5,164583629,0.6873,0.8214,0.5954,0.6988,0.7693,0.5245
19,54139642,0.357827,0.4335,0.2972,0.2709,0.3404,0.4274
3,181064455,0.105431,0.001,0.1392,0.0965,0.1679,0.1002
7,81502697,0.0297524,0.003,0.0437,0.0216,0.0439,0.0297
21,43835827,0.405152,0.2937,0.4036,0.4035,0.5477,0.3303
21,47582102,0.294129,0.3562,0.2942,0.4928,0.1082,0.3405
13,62855995,0.0878594,0.0605,0.1123,0.0677,0.0915,0.1002
10,113086588,0.109625,0.001,0.0129,0.0476,0.3669,0.0174
2,11242242,0.0111821,0,0.0447,0.0115,0.0023,0
3,94340505,0.290935,0.371,0.3052,0.2075,0.2791,0.2689
12,63688317,0.204473,0.3532,0.2038,0.1499,0.0779,0.2618
16,73872154,0.216454,0.125,0.3529,0.1988,0.1755,0.2382
20,12635895,0.714058,0.7093,0.8091,0.5288,0.6868,0.7894
11,88971134,0.186901,0.1944,0.2714,0.2089,0.171,0.0982
7,31417169,0.155551,0.2579,0.1014,0.2147,0.0356,0.226
1,162930173,0.0109824,0,0.0278,0.0144,0.0008,0.0164
16,78259281,0.0966454,0.0615,0.0944,0.1787,0.1188,0.047
1,182110641,0.0882588,0.1796,0.0497,0.0519,0.0681,0.0869
9,116842009,0.0261581,0.0298,0.0288,0.0173,0,0.0613
3,62116187,0.0221645,0,0.0099,0.0072,0.0726,0
2,192043703,0.0139776,0.0466,0.0179,0,0,0.0051
9,96644025,0.39976,0.3819,0.4036,0.3256,0.444,0.407
13,77434422,0.0996406,0.0804,0.0586,0.0533,0.1067,0.1851
11,112141694,0.726637,0.7808,0.7455,0.7795,0.559,0.8405
12,82791072,0.927117,1,0.9583,0.9568,0.7814,0.9959
9,84372663,0.469449,0.4187,0.4284,0.4063,0.6536,0.3599
9,137016056,0.156749,0.1905,0.163,0.1455,0.0749,0.2342
3,2638138,0.216653,0.1458,0.0447,0.2464,0.4909,0.0746
6,37883544,0.0371406,0.003,0.0815,0.0504,0.0068,0.0583
1,221833258,0.16873,0.0853,0.1571,0.1153,0.3222,0.0971
5,34588611,0.014976,0,0.0109,0.0101,0.0008,0.0573
7,62724929,0.504992,0.4038,0.5994,0.4683,0.5431,0.4867
7,105257560,0.17492,0.2609,0.167,0.1354,0.0265,0.3231
9,13002291,0.101038,0.129,0.0606,0.0346,0.0492,0.2311
18,71143699,0.0688898,0.0476,0.1193,0.1023,0.0038,0.1033
6,169018759,0.283946,0.2569,0.2813,0.255,0.3487,0.2474
16,4584406,0.491613,0.6845,0.6789,0.5951,0.1263,0.5204
4,172719184,0.0617013,0.119,0.0457,0.0231,0.0454,0.0685
12,82445369,0.0539137,0,0.0954,0.0922,0.0038,0.1074
2,142558561,0.212859,0.1081,0.2286,0.1455,0.3253,0.2004
10,13494876,0.356629,0.6696,0.3429,0.3458,0.1218,0.3732
1,223657265,0.328474,0.4702,0.3837,0.4049,0.0915,0.3916
20,14119529,0.477835,0.5704,0.5964,0.5749,0.2073,0.5573
5,158949047,0.607228,0.4812,0.5447,0.4798,0.9251,0.4622
4,75778967,0.0385383,0.003,0.0835,0.0447,0.0507,0.0082
16,1916347,0.812899,0.8185,0.826,0.7767,0.8124,0.82
1,18939509,0.508586,0.1964,0.5219,0.4914,0.8139,0.4162
7,119967395,0.667732,0.8542,0.8072,0.7853,0.1762,0.9131
2,132972470,0.0159744,0.001,0.0586,0.0187,0.0015,0.0051
3,187036080,0.0746805,0.1667,0.0229,0.0288,0.1067,0.0225
13,76316209,0.0273562,0.002,0.0139,0.1686,0.0015,0.002
5,100712130,0.400359,0.5317,0.2068,0.4942,0.4357,0.3497
6,156455969,0.391573,0.4345,0.2366,0.2349,0.5023,0.4683
8,84165230,0.0810703,0.0595,0.0139,0.0706,0.0862,0.1728
1,34829829,0.0621006,0.0774,0.0358,0.1196,0.0711,0.0204
5,100709148,0.0698882,0.002,0.0139,0.1974,0.1225,0.0358
1,199374696,0.086861,0.0169,0.1521,0.1081,0.1415,0.0031
13,43926263,0.184904,0.126,0.2247,0.4049,0.1271,0.1268
3,105002129,0.126398,0.1468,0.1481,0.1816,0.0098,0.2014
4,55200214,0.339657,0.4167,0.4095,0.4251,0.1278,0.4141
16,60772030,0.46266,0.6548,0.4215,0.3689,0.4017,0.456
3,144473747,0.355032,0.1141,0.1441,0.1772,0.8759,0.2423
12,79310977,0.0842652,0.1677,0.0457,0.1383,0.0318,0.0706
4,62577213,0.65615,0.7986,0.5736,0.6859,0.6074,0.6391
2,62613976,0.379193,0.5149,0.1839,0.3501,0.3964,0.4376
2,99456946,0.466454,0.3254,0.4135,0.5101,0.6225,0.4243
17,20403482,0.351637,0.1379,0.4771,0.4524,0.388,0.3221
6,164711772,0.525958,0.5516,0.492,0.389,0.5703,0.5716
17,78088455,0.101438,0.1071,0.008,0.0202,0.1641,0.1646
22,17395724,0.121605,0.0456,0.1968,0.1988,0.0061,0.2239
1,194777916,0.185104,0.1577,0.0656,0.0836,0.3737,0.1534
3,33178908,0.145367,0.2262,0.161,0.1686,0.0197,0.1994
2,52215641,0.174121,0.2202,0.1203,0.1484,0.2451,0.1043
4,177681259,0.906949,0.999,0.9195,0.9409,0.7481,0.9898
20,44384535,0.103634,0.2054,0.0089,0.0375,0.1301,0.1074
8,135322582,0.132788,0.1438,0.2326,0.1671,0.0484,0.1084
12,133164584,0.251398,0.1796,0.1909,0.2421,0.3086,0.317
3,146164878,0.0808706,0.0734,0.0537,0.0418,0.1679,0.0266
5,26148604,0.0517173,0.0665,0.0646,0.0432,0.0121,0.0828
4,26772636,0.0399361,0.0149,0.0706,0.036,0.0053,0.0838
6,38903852,0.420327,0.369,0.5219,0.4539,0.3177,0.4836
14,25103409,0.124601,0.1716,0.1272,0.1023,0.0666,0.1677
5,120966235,0.786941,0.8671,0.8062,0.8271,0.6498,0.8415
2,215918952,0.0191693,0.0387,0.0189,0.0259,0,0.0204
2,57490260,0.115016,0.1062,0.1859,0.2219,0.0076,0.1207
10,129141088,0.459065,0.3214,0.5934,0.4798,0.3767,0.5593
20,11046572,0.0145767,0.002,0.0497,0.0187,0.0015,0.0061
6,17122321,0.125599,0.2133,0.1451,0.1542,0.0159,0.1431
20,8165743,0.0555112,0,0.0427,0.0677,0.1324,0.0133
3,190357721,0.23123,0.0486,0.2396,0.1441,0.4039,0.2393
1,239611254,0.0738818,0.0407,0.0249,0.0245,0.1725,0.0603
1,192618300,0.0680911,0.002,0.0139,0.0389,0.2088,0.0225
2,86098254,0.0748802,0.1379,0.0467,0.0562,0.0991,0.0194
3,175548918,0.0347444,0,0.0666,0.049,0.0045,0.0685
8,125843663,0.794728,0.756,0.8201,0.8415,0.7549,0.8292
15,52668822,0.309904,0.1448,0.6272,0.4885,0.115,0.2904
10,43366308,0.134784,0.1974,0.0398,0.1412,0.1694,0.1166
10,58818376,0.0113818,0,0.0288,0.0245,0.0008,0.0102
3,131345603,0.317093,0.1786,0.1252,0.1542,0.7307,0.2137
14,74624826,0.709265,0.3919,0.7942,0.8271,0.91,0.5941
2,124527551,0.133187,0.0188,0.2256,0.1311,0.0749,0.2362
9,4953916,0.342053,0.1498,0.3658,0.4308,0.4584,0.2955
10,67604885,0.47504,0.5179,0.2793,0.3617,0.7897,0.2873
1,57375871,0.136182,0.0407,0.0477,0.1326,0.261,0.1595
7,21721600,0.11881,0.1825,0.0268,0.0346,0.2247,0.0644
11,81494020,0.322883,0.1815,0.326,0.2205,0.3404,0.5143
7,138592242,0.148762,0.127,0.1103,0.0994,0.2421,0.1196
13,23325480,0.955871,0.995,0.9384,0.964,0.9259,0.9683
7,111576093,0.191294,0.3542,0.0736,0.1095,0.2791,0.0838
11,54828948,0.654153,0.7728,0.6501,0.7666,0.4523,0.729
14,22182096,0.0285543,0.0069,0.0278,0.134,0.0015,0.0133
4,9021058,0.139577,0.128,0.0686,0.1916,0.1271,0.2045
1,164173346,0.211661,0.3601,0.0865,0.1744,0.1853,0.2495
5,50216105,0.102037,0.2044,0.0775,0.1311,0.0242,0.1063
1,198590366,0.0758786,0.1389,0.0646,0.0908,0.0144,0.0951
5,16795012,0.192292,0.1845,0.1183,0.1282,0.2458,0.2495
18,14881992,0.439097,0.5823,0.4851,0.5432,0.1415,0.5726
18,10722090,0.179513,0.0982,0.2256,0.1974,0.1104,0.2965
9,113879512,0.127396,0.1151,0.1879,0.1556,0.0106,0.2157
11,112270660,0.524361,0.505,0.5875,0.6153,0.3411,0.6626
3,12541265,0.0447284,0.0298,0.0219,0.062,0.0401,0.0777
1,216812324,0.255391,0.3601,0.2048,0.2608,0.1967,0.2751
9,29114478,0.266573,0.4038,0.2147,0.2133,0.2784,0.2004
21,20247657,0.882987,0.9812,0.8519,0.8646,0.8759,0.8364
10,99208609,0.335863,0.4911,0.2704,0.3213,0.2345,0.3906
20,5397244,0.584465,0.7937,0.3837,0.4957,0.5802,0.6442
11,2094762,0.0433307,0.002,0.0666,0.0303,0.0719,0.0327
7,115247079,0.182109,0.001,0.0437,0.0648,0.5552,0.09
11,3244029,0.0563099,0.1012,0.0189,0.0807,0.0106,0.093
12,88251900,0.014377,0,0.006,0.0893,0.0008,0.0031
1,233280001,0.17472,0.3492,0.174,0.1988,0.0469,0.1513
20,46338320,0.258387,0.253,0.2594,0.219,0.2504,0.3016
6,119701547,0.0141773,0,0.0348,0.0259,0.0008,0.0174
11,110735823,0.0804712,0.002,0.1223,0.1599,0.0946,0.0429
5,7238501,0.14996,0.1518,0.2336,0.2565,0.025,0.1554
6,161522478,0.0832668,0.0228,0.0586,0.0375,0.1755,0.0787
13,99221661,0.177316,0.0972,0.1928,0.1182,0.267,0.1646
4,94968390,0.0163738,0,0.006,0.0043,0.053,0.0031
7,108049397,0.0682907,0.1101,0.0497,0.049,0.0643,0.0634
11,25243789,0.189896,0.0139,0.3141,0.2421,0.2307,0.1513
4,168800615,0.492013,0.7103,0.4254,0.6138,0.2322,0.6002
6,22913739,0.787939,0.8899,0.6928,0.7608,0.8865,0.6667
11,130414599,0.122404,0.001,0.1143,0.0793,0.2973,0.0501
12,4738611,0.0878594,0.0774,0.1431,0.1037,0.0083,0.138
5,144283536,0.0553115,0.0079,0.1153,0.0634,0.0265,0.0757
12,99409521,0.0189696,0,0.0507,0.0519,0.0023,0.0051
1,164534207,0.227436,0.5813,0.1024,0.2767,0.0923,0.1391
9,28261586,0.191693,0.1954,0.2793,0.2017,0.1135,0.1963
3,13016710,0.375998,0.753,0.2346,0.366,0.2065,0.3691
4,108801664,0.675519,0.4296,0.673,0.6037,0.91,0.6656
5,7758039,0.486821,0.3363,0.4324,0.5922,0.7012,0.3333
4,26182139,0.658546,0.499,0.5865,0.6282,0.9236,0.5603
7,16302995,0.266573,0.1835,0.3588,0.3674,0.3071,0.1309
6,39236515,0.0167732,0,0.0239,0.0187,0.0348,0.001
11,87803429,0.305511,0.3194,0.3588,0.3156,0.1914,0.3834
8,5713827,0.253794,0.4851,0.0915,0.1772,0.32,0.1472
9,93027048,0.0371406,0.1062,0.0139,0.0562,0.0106,0.0123
4,131077251,0.13139,0.13,0.0348,0.0951,0.2239,0.1329
13,77116269,0.122604,0.0605,0.0249,0.0403,0.2632,0.1554
10,103418258,0.066893,0.004,0.0815,0.0432,0.1384,0.0368
6,149185303,0.307109,0.5595,0.2197,0.3516,0.1536,0.3129
5,148697699,0.0339457,0,0.0755,0.0548,0.0378,0.0061
11,33230333,0.023762,0,0.0736,0.0432,0.0015,0.0133
12,126711923,0.660144,0.8948,0.6412,0.6888,0.4614,0.6861
3,148463336,0.116214,0.0635,0.2604,0.2349,0.0212,0.0665
14,51478623,0.365216,0.4315,0.3638,0.3213,0.1808,0.5787
12,94564725,0.649161,0.6786,0.6451,0.5548,0.6203,0.729
1,234956177,0.671925,0.8115,0.7932,0.7723,0.4811,0.59
6,132246366,0.402356,0.5099,0.3459,0.4654,0.2042,0.5726
1,195312662,0.0866613,0.131,0.0696,0.0821,0.0144,0.1595
13,22841601,0.0708866,0.0942,0.0636,0.0432,0.0567,0.093
16,58987629,0.560903,0.6399,0.6193,0.611,0.3222,0.7065
18,70940578,0.0824681,0.0238,0.0388,0.0317,0.143,0.1421
1,247278902,0.0235623,0.001,0.0278,0.1167,0.0015,0.0061
5,68522298,0.126597,0.0357,0.1173,0.1758,0.2163,0.0736
15,36562154,0.023762,0.003,0.0239,0.0187,0.0008,0.0798
12,94379705,0.0728834,0.0377,0.1004,0.1427,0.0038,0.1247
7,66527500,0.519169,0.3046,0.5099,0.5836,0.6725,0.4969
2,17887049,0.420327,0.0794,0.4384,0.3573,0.8691,0.1912
1,246086255,0.203275,0.3988,0.1163,0.1369,0.1422,0.2209
6,116095371,0.0411342,0.0238,0.0954,0.0403,0.0053,0.0521
18,19699356,0.485823,0.3641,0.3777,0.5202,0.7216,0.3793
6,91697133,0.145767,0.0744,0.2525,0.1455,0.0711,0.2106
5,57361321,0.377196,0.3462,0.2803,0.3357,0.4123,0.4908
9,66301884,0.672724,0.4385,0.832,0.8516,0.59,0.7352
16,19255012,0.667931,0.9742,0.5149,0.683,0.4818,0.7505
5,33991136,0.335663,0.369,0.5795,0.4496,0.2368,0.1033
11,15553446,0.510184,0.5486,0.5537,0.5562,0.3449,0.6166
13,107516247,0.672125,0.7579,0.7654,0.6931,0.4992,0.7065
6,96756614,0.222644,0.3105,0.2366,0.2911,0.1377,0.184
5,155011555,0.239816,0.2073,0.1223,0.1657,0.4198,0.2035
4,133746247,0.0175719,0,0.0547,0.0331,0.0015,0.0082
6,145738465,0.191494,0.1746,0.3042,0.1902,0.0287,0.3139
1,227620127,0.48762,0.62,0.5398,0.5202,0.3003,0.5276
4,136143861,0.396366,0.6111,0.3907,0.402,0.3449,0.2464
5,98630741,0.533946,0.4097,0.3986,0.3545,0.8268,0.5327
4,45919001,0.204073,0.25,0.1203,0.1787,0.3306,0.09
5,154875760,0.28774,0.4048,0.3956,0.2248,0.1044,0.3487
3,45693996,0.0245607,0,0.0258,0.0274,0.0575,0.002
10,125196872,0.269169,0.4127,0.2793,0.317,0.0212,0.4121
9,84064100,0.043131,0.0377,0.0696,0.0562,0.0068,0.0613
5,80638258,0.0133786,0,0.0209,0.013,0.028,0
6,30350325,0.582268,0.6905,0.4374,0.4697,0.7254,0.5061
4,63011945,0.358027,0.4067,0.2117,0.2767,0.6354,0.1411
8,15112379,0.0834665,0.006,0.0308,0.0576,0.239,0.0256
22,39243330,0.0904553,0.125,0.1362,0.0591,0.0038,0.1472
6,158223399,0.138978,0.002,0.1213,0.098,0.3729,0.0112
1,28096251,0.0784744,0.2659,0.0099,0.013,0.0076,0.0982
12,87780365,0.024361,0,0.0398,0.0562,0.0015,0.0419
18,52575785,0.674121,0.9752,0.6173,0.6585,0.4818,0.6933
5,143601136,0.170727,0.3611,0.0527,0.1369,0.1286,0.1769
21,14953165,0.0974441,0.0903,0.0358,0.0288,0.2057,0.0706
17,56736659,0.603834,0.4812,0.6332,0.4337,0.7481,0.6258
14,87183522,0.777157,0.996,0.8499,0.8818,0.4395,0.8589
4,4298297,0.706669,0.7659,0.834,0.8329,0.4425,0.7822
3,22031752,0.0601038,0.1111,0.0328,0.0144,0.025,0.1155
10,3140318,0.0407348,0,0.0109,0.0101,0.1346,0.0082
5,55406952,0.217652,0.3065,0.2813,0.1311,0.0862,0.2996
10,112474189,0.796126,0.998,0.6262,0.7305,0.7874,0.8211
21,45633083,0.265375,0.3948,0.2833,0.17,0.143,0.3466
7,147549030,0.0371406,0.0496,0.0616,0.0317,0.0174,0.0297
14,78052568,0.453874,0.3859,0.5149,0.536,0.447,0.4121
2,80188021,0.380391,0.3532,0.2614,0.428,0.5711,0.2393
14,96562633,0.539537,0.0992,0.5835,0.3516,0.9304,0.5532
7,48193730,0.109824,0.0903,0.1083,0.1801,0.059,0.1503
10,89894501,0.139577,0.125,0.1352,0.0836,0.1596,0.1718
12,32924219,0.0151757,0.0417,0.0199,0.0029,0.003,0.0082
1,212098032,0.1252,0.124,0.0865,0.1729,0.1467,0.1033
11,13931518,0.126597,0.1835,0.162,0.2478,0.0061,0.1084
3,195908715,0.118211,0.1468,0.1322,0.0562,0.1513,0.0736
7,47119098,0.0491214,0.003,0.1481,0.085,0.0076,0.0256
17,11396900,0.494808,0.5496,0.5636,0.5303,0.3533,0.5337
3,109391713,0.52516,0.2847,0.6789,0.5317,0.5197,0.6176
11,55701956,0.0349441,0.001,0.0905,0.0346,0.0136,0.0419
12,44275916,0.0315495,0,0.0239,0.0231,0.0817,0.0102
1,109355899,0.403155,0.7569,0.2565,0.4755,0.2315,0.3701
12,132291061,0.429113,0.4345,0.4761,0.415,0.4592,0.3446
13,39227463,0.141573,0.251,0.1074,0.0865,0.0666,0.2045
1,15576361,0.198682,0.0417,0.3748,0.2205,0.0998,0.2975
4,91688711,0.592053,0.6726,0.5199,0.4856,0.6929,0.5225
2,90214245,0.973842,1,0.9205,0.9424,0.9985,0.9908
9,105661102,0.170128,0.1032,0.3718,0.1801,0.0847,0.1401
4,63654687,0.134984,0.0883,0.0249,0.0331,0.3109,0.1309
9,106205224,0.111422,0.1478,0.1272,0.1009,0.0749,0.1145
9,24200489,0.0155751,0,0.0408,0.0159,0.003,0.0225
10,52973312,0.0129792,0.001,0.0288,0.0101,0.0182,0.0041
20,18331081,0.250599,0.1756,0.3877,0.3588,0.261,0.0961
3,69542340,0.58147,0.5089,0.4861,0.4553,0.8797,0.4407
3,62651315,0.376597,0.7103,0.2704,0.3876,0.0378,0.592
10,91596427,0.239816,0.0942,0.1511,0.1023,0.3949,0.3691
6,165077992,0.27516,0.5536,0.2386,0.134,0.2057,0.2198
14,76815455,0.33147,0.3383,0.1372,0.317,0.5416,0.2505
2,240650346,0.0716853,0,0.2227,0.1182,0.0121,0.0378
7,76608143,0.661342,0.3938,0.7913,0.621,0.8533,0.5726
3,79095223,0.132188,0.1667,0.1521,0.1772,0.093,0.0971
5,169816374,0.0205671,0.001,0.0616,0.0216,0.0023,0.0225
6,148237136,0.0127796,0.001,0.0368,0.0159,0.0015,0.0133
22,16932517,0.383187,0.254,0.4821,0.4063,0.3858,0.3947
2,70558105,0.0864617,0.1716,0.1044,0.1009,0.0129,0.0695
4,82871411,0.200479,0.0883,0.1998,0.1888,0.2451,0.2648
13,65599809,0.119609,0.0446,0.1193,0.2089,0.174,0.0603
5,170880809,0.156749,0.2302,0.1292,0.0663,0.0877,0.2669
5,153247305,0.407548,0.6746,0.2962,0.4308,0.3109,0.3609
5,145862463,0.36262,0.8403,0.1899,0.2291,0.2602,0.2812
2,31060683,0.0195687,0,0.0388,0.0706,0,0.0102
3,186153201,0.529353,0.2976,0.5596,0.438,0.916,0.2791
10,96781920,0.297524,0.0645,0.3231,0.1988,0.5045,0.3016
2,207178872,0.405152,0.3581,0.5626,0.5908,0.1354,0.5245
5,2725974,0.541134,0.3899,0.669,0.5303,0.3797,0.7914
10,20788503,0.0401358,0.001,0.0298,0.0288,0.1059,0.0102
13,95858058,0.867612,0.8175,0.8718,0.8818,0.9675,0.7699
7,91408745,0.25,0.1587,0.2734,0.2723,0.1853,0.3916
9,68375933,0.168131,0.4444,0.0517,0.0504,0.1316,0.136
7,132423114,0.0309505,0,0.0656,0.049,0.0015,0.0542
10,35014085,0.517772,0.6468,0.674,0.5937,0.2035,0.5951
6,149238522,0.0415335,0,0.0646,0.0476,0.0711,0.0164
6,128269592,0.414736,0.4296,0.5179,0.4712,0.3487,0.3425
11,25818836,0.490016,0.6835,0.5706,0.5043,0.2194,0.5634
2,59344222,0.227835,0.1875,0.2485,0.1527,0.2216,0.3098
18,4059835,0.350839,0.4405,0.5189,0.2608,0.177,0.3845
1,237230602,0.808906,0.9921,0.8002,0.8415,0.6589,0.8088
3,173478233,0.223043,0.3849,0.173,0.1196,0.289,0.092
16,51005357,0.636781,0.6915,0.4911,0.6066,0.6286,0.7628
5,127214163,0.698482,0.5437,0.6819,0.6513,0.9281,0.5982
3,195372982,0.0543131,0.001,0.1441,0.072,0.0144,0.0583
4,162175988,0.116414,0.0069,0.2704,0.2061,0.0144,0.1452
3,196361543,0.114217,0.0437,0.0746,0.0476,0.264,0.0726
2,42499829,0.510982,0.7292,0.5378,0.3501,0.4599,0.4417
9,101312896,0.0646965,0,0.0239,0.0245,0.2118,0.0031
4,28586865,0.207069,0.1696,0.2515,0.2205,0.208,0.1892
20,3505035,0.185304,0.0169,0.2873,0.1902,0.3094,0.0828
1,8274807,0.213658,0.0962,0.1123,0.1052,0.4561,0.1881
10,131352115,0.448682,0.6419,0.4344,0.4323,0.2436,0.5532
10,10139629,0.318291,0.6002,0.1491,0.2378,0.2375,0.3681
9,10255466,0.133387,0.0486,0.1511,0.134,0.2141,0.093
10,133086814,0.764776,0.7837,0.8569,0.8127,0.6596,0.7587
2,58887039,0.397364,0.5377,0.4304,0.4611,0.2141,0.4213
8,16256215,0.198083,0.2054,0.1223,0.2334,0.1664,0.2863
12,123936016,0.594649,0.9851,0.6233,0.5706,0.2126,0.6963
16,49503573,0.223842,0.253,0.165,0.1484,0.3449,0.1442
10,82287527,0.107228,0.0119,0.1471,0.0951,0.1558,0.1074
13,111772414,0.146765,0.0268,0.2217,0.1412,0.1589,0.181
5,65061405,0.522564,0.3413,0.5825,0.4063,0.6059,0.6176
8,6818477,0.178115,0.1875,0.1421,0.1254,0.18,0.2403
3,114985238,0.394968,0.6885,0.2147,0.379,0.3154,0.3967
3,1988892,0.0706869,0.0675,0.0308,0.0216,0.0756,0.1431
19,5844649,0.881589,0.9692,0.8111,0.8602,0.8956,0.8599
3,5450470,0.643371,0.6925,0.6928,0.8141,0.5144,0.5951
3,53801584,0.0628994,0.0585,0.0726,0.0605,0.0779,0.0389
17,7170665,0.483227,0.3919,0.6133,0.487,0.3873,0.5706
3,173232659,0.0157748,0.002,0.0447,0.0101,0.0023,0.0225
1,234633308,0.251797,0.0546,0.3429,0.2104,0.3744,0.2249
12,117873198,0.199281,0.0437,0.3022,0.1945,0.2874,0.138
6,93209853,0.1873,0.0377,0.3151,0.2147,0.2231,0.1421
7,4174389,0.582069,0.8383,0.5457,0.6354,0.4818,0.453
5,119116819,0.755791,0.6786,0.6471,0.7709,0.9297,0.7014
16,1888486,0.201478,0.1736,0.1819,0.2262,0.1831,0.2577
15,43401074,0.024361,0,0.0706,0.0533,0.0015,0.0123
8,143963571,0.301118,0.3105,0.4592,0.4539,0.0356,0.3793
8,96920174,0.0115815,0.001,0.0298,0.0159,0.0045,0.0102
10,130145344,0.623203,0.6091,0.5169,0.6182,0.7171,0.6237
15,94989554,0.138379,0.126,0.1014,0.0807,0.23,0.1063
17,48399803,0.369609,0.747,0.1044,0.1643,0.3896,0.3722
5,133568505,0.696685,0.5377,0.7903,0.5994,0.7602,0.7474
3,32781791,0.323283,0.3145,0.2177,0.2752,0.4592,0.2914
10,90675317,0.73103,0.8988,0.5308,0.7421,0.6868,0.816
2,155698202,0.230831,0.377,0.2177,0.2594,0.1172,0.227
13,48285114,0.572484,0.8294,0.5964,0.6124,0.2126,0.7413
9,25164026,0.135383,0.0933,0.1123,0.062,0.2731,0.0685
19,29118200,0.0870607,0,0.0308,0.0476,0.2579,0.0317
11,10205451,0.151558,0.2837,0.0577,0.2147,0.1672,0.046
5,165166015,0.601438,0.505,0.4821,0.4654,0.9054,0.5092
16,6561865,0.792332,0.7629,0.8777,0.8948,0.708,0.7761
8,130015926,0.0241613,0.0377,0.0159,0.0058,0.0325,0.0204
6,10153520,0.0211661,0.001,0.0586,0.0461,0.0045,0.0082
3,16298676,0.710463,0.6667,0.6213,0.6427,0.8548,0.7004
18,27384132,0.482029,0.6498,0.4901,0.4222,0.2731,0.6258
20,57655657,0.580471,0.8313,0.5656,0.6412,0.2852,0.6933
4,133255421,0.160144,0.0962,0.2137,0.2334,0.1029,0.1963
3,161468400,0.471246,0.1657,0.4046,0.3761,0.7791,0.5061
4,40582705,0.104233,0.0962,0.1213,0.134,0.0242,0.182
4,38809490,0.0792732,0.0744,0.0129,0.0187,0.149,0.1012
7,55400990,0.830072,0.8016,0.7883,0.8357,0.9713,0.7076
7,71651051,0.154353,0.002,0.3201,0.1787,0.1558,0.1217
2,171600018,0.248203,0.1806,0.3668,0.3372,0.0825,0.3569
17,72408682,0.0389377,0.0794,0.0268,0.0317,0.0287,0.0286
11,112688378,0.0271565,0.0159,0.0477,0.0259,0.0136,0.0368
7,134033362,0.721645,0.8075,0.5785,0.7767,0.8139,0.6166
5,123109036,0.132388,0.0754,0.1968,0.1268,0.1543,0.0992
6,6130218,0.371605,0.3214,0.2346,0.2637,0.6218,0.3027
4,153281973,0.461262,0.4464,0.3012,0.4496,0.6452,0.4008
9,29000166,0.594848,0.5764,0.7217,0.6931,0.4395,0.6237
3,61136894,0.20008,0.1478,0.174,0.1902,0.1906,0.3006
8,41283328,0.127596,0.001,0.1352,0.1066,0.2837,0.0542
6,108196728,0.148363,0.121,0.2535,0.2104,0.0325,0.181
12,51918998,0.91254,0.9077,0.9761,0.9049,0.879,0.9029
3,32673266,0.0467252,0.006,0.0129,0.0101,0.1467,0.0143
3,193861585,0.38119,0.4583,0.2913,0.3573,0.469,0.2924
3,121966952,0.149161,0.003,0.2515,0.1787,0.2065,0.0961
10,56696958,0.408946,0.3611,0.4503,0.4006,0.5023,0.2955
6,28205502,0.223243,0.2381,0.1581,0.2233,0.3071,0.1616
11,30060365,0.361621,0.2738,0.5169,0.3199,0.2837,0.4274
4,82754646,0.0101837,0,0.0288,0.0159,0.0023,0.0082
13,92794111,0.38099,0.5764,0.4046,0.3602,0.0356,0.637
9,31202778,0.628195,0.756,0.7704,0.6196,0.4145,0.6452
6,32518069,0.272364,0.3145,0.3032,0.3761,0.1505,0.2883
19,6627883,0.53754,0.8085,0.4473,0.3732,0.584,0.4049
7,115123571,0.197883,0.1438,0.3489,0.1657,0.0696,0.2945
5,80951215,0.0640974,0,0.1014,0.1196,0.0492,0.0726
3,32046602,0.47524,0.7212,0.2575,0.3646,0.6241,0.3231
2,154113787,0.696685,0.3671,0.8429,0.6671,0.9281,0.5941
6,31316324,0.142572,0.2024,0.1292,0.1643,0.1513,0.0675
8,127166948,0.0986422,0.1607,0.1362,0.2233,0.0098,0.0276
1,62225073,0.236222,0.37,0.2455,0.17,0.2247,0.1513
8,81443787,0.0874601,0.248,0.0606,0.0245,0.0272,0.0757
4,39055891,0.739417,0.8274,0.7465,0.7896,0.621,0.7658
4,22507661,0.0105831,0.001,0.007,0.0058,0.0091,0.0297
8,66103925,0.49361,0.4137,0.3917,0.487,0.6097,0.5286
2,156599756,0.0932508,0.0486,0.1471,0.0879,0.1082,0.0675
4,38418543,0.366813,0.5109,0.0765,0.3141,0.6589,0.1595
10,131712639,0.0770767,0.001,0.1571,0.0965,0.0991,0.0297
3,181047451,0.542931,0.5327,0.6044,0.5173,0.5514,0.4969
10,68955225,0.395567,0.126,0.2157,0.2493,0.8192,0.3896
16,81152206,0.33147,0.3889,0.4235,0.3487,0.3404,0.1534
3,190322277,0.592851,0.8234,0.663,0.6427,0.261,0.6963
8,105475837,0.0383387,0.0169,0.0537,0.0447,0.0106,0.0777
1,146538230,0.389377,0.1667,0.5298,0.366,0.5242,0.3088
12,91967528,0.828075,0.9653,0.6272,0.8055,0.9902,0.6902
5,128297106,0.160543,0.0546,0.2972,0.1787,0.118,0.1738
7,93244076,0.569289,0.6081,0.4056,0.4337,0.7542,0.544
4,78344744,0.160743,0.2649,0.1322,0.1758,0.1021,0.1513
3,134410803,0.0409345,0.002,0.0835,0.0634,0.003,0.0726
20,32342022,0.484225,0.7123,0.2594,0.2565,0.646,0.4233
10,24777877,0.0760783,0.1369,0.1322,0.1037,0.0038,0.0337
14,56512590,0.648363,0.8571,0.6233,0.5778,0.5764,0.6063
2,30806308,0.149161,0.0079,0.2962,0.1945,0.1626,0.093
19,24167222,0.0982428,0.0546,0.007,0.1268,0.2368,0.0297
16,80620560,0.113219,0.0407,0.168,0.1095,0.1785,0.046
3,153287113,0.0902556,0.2312,0.0706,0.0648,0.0023,0.1022
3,132070140,0.395966,0.1171,0.5378,0.4841,0.3601,0.5235
2,204322298,0.596845,0.4067,0.5905,0.5245,0.7262,0.6759
5,169664881,0.608227,0.5685,0.5199,0.6254,0.7458,0.5419
8,33917892,0.0201677,0,0.0527,0.0418,0.0038,0.0143
10,124889006,0.457268,0.4871,0.338,0.4957,0.4516,0.5297
1,19678473,0.734625,0.6498,0.7038,0.7089,0.8419,0.727
2,37053444,0.822684,0.8284,0.9642,0.9524,0.6074,0.8701
14,88665420,0.0289537,0.0546,0.0119,0.013,0.0431,0.0123
1,43426915,0.144768,0.122,0.0209,0.0879,0.3192,0.1002
11,27310871,0.577875,0.4722,0.5865,0.6902,0.562,0.6196
3,141886120,0.101438,0.006,0.0954,0.1037,0.2194,0.045
13,93543049,0.16234,0.3591,0.1093,0.1671,0.0499,0.1626
2,120140733,0.0101837,0,0.0109,0.0115,0.0008,0.0317
6,20579802,0.0311502,0.001,0.0577,0.0476,0.0287,0.0266
4,32937992,0.571685,0.6399,0.7038,0.6772,0.3548,0.5838
9,120623372,0.655751,0.5635,0.6272,0.6383,0.8835,0.4847
2,106938786,0.0139776,0.005,0.0109,0.0245,0.0197,0.0112
5,162612565,0.0495208,0.002,0.1352,0.0865,0.0038,0.046
8,98494081,0.0896565,0.0804,0.0557,0.049,0.1679,0.0573
19,15292437,0.739018,0.8284,0.841,0.7104,0.5582,0.8067
3,169210113,0.758387,0.744,0.6581,0.6513,0.9123,0.7444
4,64195781,0.602236,0.4762,0.835,0.6772,0.3608,0.7658
10,72267876,0.091853,0.002,0.1143,0.0735,0.0908,0.1759
17,74595288,0.136981,0.1607,0.0547,0.0692,0.2738,0.0603
6,24956789,0.772764,0.9673,0.9314,0.8415,0.351,0.9305
3,17117747,0.266573,0.5377,0.1948,0.196,0.1263,0.3006
4,59456481,0.230032,0.4504,0.1054,0.134,0.2352,0.1922
5,84336691,0.0275559,0,0.0676,0.0504,0.0061,0.0276
1,69845227,0.637979,0.9236,0.6431,0.6239,0.3744,0.7045
2,867187,0.722644,0.9405,0.4553,0.6153,0.7564,0.8037
4,153703306,0.38738,0.4752,0.4274,0.5692,0.1868,0.3978
11,127625736,0.496406,0.5982,0.3519,0.487,0.5658,0.453
19,18593726,0.320687,0.1389,0.2227,0.2824,0.6278,0.2209
10,122700999,0.161142,0.0804,0.0885,0.072,0.3661,0.1053
22,26036790,0.100439,0.0565,0.0686,0.0461,0.1641,0.1309
11,76085259,0.940296,0.8631,0.9404,0.9625,0.9947,0.9305
13,21132928,0.39377,0.2718,0.6312,0.3357,0.3215,0.4141
19,23614916,0.13778,0.0208,0.165,0.1037,0.236,0.1217
9,101271647,0.138578,0.005,0.2863,0.1787,0.1074,0.138
5,137556790,0.0702875,0.002,0.1352,0.0764,0.0068,0.1554
1,56168510,0.434505,0.2659,0.5427,0.5548,0.4667,0.3681
1,26475257,0.251398,0.1071,0.1928,0.1398,0.59,0.0818
4,45142291,0.969249,1,0.9483,0.9798,0.9985,0.9121
9,8626606,0.113618,0.1746,0.0964,0.1398,0.0348,0.1564
12,104506922,0.208666,0.4157,0.1441,0.1614,0.1936,0.1155
7,107478227,0.694688,0.869,0.5328,0.621,0.8306,0.5501
7,14984789,0.135383,0.0982,0.1252,0.183,0.1104,0.184
5,116563916,0.316693,0.0109,0.2972,0.2017,0.6876,0.2321
5,144233358,0.113818,0.0089,0.1889,0.1369,0.0431,0.2239
1,225107191,0.779353,0.9087,0.5477,0.7507,0.944,0.682
1,171652584,0.973043,0.999,0.9354,0.9251,0.9962,0.9877
6,164297589,0.753594,0.7192,0.6441,0.7954,0.8026,0.8057
5,98687560,0.339058,0.2758,0.2217,0.1657,0.5719,0.3333
2,233491377,0.25639,0.5645,0.1928,0.1643,0.2254,0.1115
12,33185988,0.18111,0.0982,0.2614,0.1974,0.1165,0.2597
10,60311724,0.490815,0.5387,0.5348,0.6758,0.3321,0.4796
13,30576035,0.515974,0.7024,0.4871,0.4524,0.4357,0.5072
8,60976870,0.436302,0.4931,0.2614,0.232,0.6354,0.4335
9,92303174,0.0301518,0,0.0666,0.0346,0.0045,0.0552
14,93322477,0.0477236,0.001,0.0636,0.0461,0.09,0.0235
11,113112689,0.114018,0.1627,0.0457,0.062,0.2126,0.0378
6,7316276,0.196685,0.1429,0.1809,0.0994,0.354,0.1247
6,108960025,0.0986422,0.1498,0.1312,0.0504,0.084,0.0665
7,30864648,0.475639,0.498,0.2237,0.2075,0.7678,0.5072
1,211439817,0.94369,0.997,0.9672,0.9683,0.8449,0.9806
1,14039816,0.0563099,0.003,0.0169,0.0173,0.1785,0.0143
4,83957618,0.321885,0.2232,0.5527,0.6499,0.0219,0.3589
11,1656619,0.147764,0.002,0.2157,0.1657,0.1921,0.1554
12,78544665,0.133387,0.2728,0.1262,0.0865,0.0688,0.1176
1,53470605,0.0615016,0.2113,0.0378,0.0159,0.0045,0.0409
7,106335638,0.292931,0.2431,0.4105,0.33,0.1626,0.3732
7,125084063,0.541134,0.4315,0.8002,0.7911,0.2708,0.5757
1,194381339,0.542133,0.7123,0.6461,0.5432,0.4607,0.3691
1,175049405,0.0712859,0.004,0.0298,0.0317,0.202,0.0348
4,153079261,0.255391,0.0198,0.507,0.2507,0.2179,0.2935
13,102905263,0.836262,0.8185,0.7734,0.8141,0.9697,0.7546
11,6626072,0.342053,0.3571,0.2535,0.2925,0.4713,0.2781
12,45726093,0.0463259,0.0079,0.008,0.0216,0.1505,0.002
12,45726093,0.0159744,0.001,0.001,0.0144,0.0514,0
13,25263004,0.291733,0.4752,0.1889,0.3617,0.174,0.318
7,123275484,0.160144,0.1508,0.1143,0.2133,0.2458,0.0634
12,76536848,0.0638978,0.0079,0.1431,0.1354,0.0038,0.0706
6,91608929,0.762979,0.9067,0.496,0.6931,0.9735,0.6544
3,99030621,0.598642,0.746,0.6501,0.7406,0.4584,0.4826
13,69694225,0.165935,0.0843,0.167,0.121,0.236,0.1861
5,32553266,0.276358,0.1369,0.4632,0.3573,0.1286,0.3701
4,104506389,0.414537,0.5069,0.6869,0.6009,0.0598,0.3865
5,84017368,0.122804,0.0575,0.0845,0.0994,0.1619,0.1933
4,35527004,0.0664936,0.0099,0.0537,0.0533,0.1195,0.0757
16,78369760,0.311701,0.4325,0.162,0.3746,0.2073,0.4376
22,24400869,0.147764,0.1558,0.1322,0.0908,0.1309,0.2188
5,138110594,0.814896,0.9921,0.7336,0.7579,0.8041,0.771
5,62611991,0.0161741,0,0.0517,0.013,0.0023,0.0174
16,73612411,0.546326,0.8095,0.5716,0.5403,0.2557,0.6462
6,21213554,0.0910543,0.0873,0.0199,0.0317,0.2398,0.0092
1,207685965,0.933307,0.9653,0.826,0.9193,0.9939,0.9387
21,16213801,0.0640974,0,0.1292,0.0706,0.0318,0.1022
13,105033672,0.509385,0.8145,0.5099,0.5677,0.1702,0.6115
6,150808313,0.0698882,0.0208,0.1064,0.0461,0.0825,0.0828
3,135775510,0.555911,0.2252,0.5626,0.4308,0.8419,0.592
10,78500483,0.420128,0.4058,0.4602,0.549,0.3593,0.3845
11,91623815,0.550919,0.8274,0.5726,0.5937,0.2194,0.6616
6,90009311,0.584265,0.621,0.6431,0.696,0.4304,0.6145
9,107044173,0.0984425,0.0149,0.1342,0.0677,0.177,0.0634
15,98183548,0.733626,0.7956,0.6282,0.7291,0.798,0.6943
19,1086352,0.464657,0.3224,0.5845,0.5504,0.4569,0.4376
9,136387366,0.228435,0.2421,0.2644,0.1556,0.1717,0.3057
5,160247040,0.295327,0.4187,0.4145,0.3357,0.1082,0.2699
8,13212734,0.477236,0.7927,0.4513,0.5014,0.2315,0.4939
6,110598947,0.240016,0.0873,0.1312,0.1671,0.4955,0.2157
13,46373812,0.0495208,0.1438,0.007,0.072,0.0129,0.0297
3,145344597,0.0770767,0.1567,0.0557,0.1066,0.062,0.0164
5,9216144,0.49381,0.4563,0.4881,0.4669,0.4206,0.6564
7,97108792,0.0692891,0.1081,0.0179,0.036,0.0938,0.0726
17,4969358,0.741414,0.8115,0.5586,0.5706,0.8918,0.7751
12,83529560,0.722244,0.7252,0.5646,0.6585,0.9463,0.6237
19,10600753,0.366414,0.2341,0.3549,0.2392,0.531,0.3824
11,8214695,0.38778,0.4712,0.2694,0.379,0.4259,0.3783
14,39992243,0.028754,0.0317,0.0189,0.0101,0.0416,0.0317
2,140313443,0.802915,0.7609,0.7227,0.7767,0.8767,0.8476
11,45809645,0.0169728,0.001,0.0596,0.0288,0,0.0041
22,19122945,0.0617013,0.0685,0.0139,0.0706,0.0779,0.0757
11,96462707,0.322284,0.3869,0.2247,0.2046,0.3699,0.3753
3,163661839,0.053115,0.0248,0.0974,0.0663,0.0439,0.0399
10,27899858,0.376198,0.38,0.3032,0.2752,0.4818,0.3763
22,35018542,0.0261581,0.0308,0.0348,0.0245,0.0234,0.0174
14,107002142,0.520567,0.5774,0.3986,0.4669,0.5696,0.5593
20,9748945,0.460463,0.625,0.3857,0.3991,0.447,0.4294
6,151023995,0.226038,0.1865,0.0686,0.1239,0.4909,0.1431
10,117665076,0.289137,0.0585,0.2634,0.2133,0.5719,0.2249
3,3249669,0.0976438,0.0645,0.0338,0.098,0.1634,0.1084
14,72275184,0.282748,0.3234,0.335,0.2853,0.0401,0.5133
3,147694,0.26857,0.3968,0.166,0.2291,0.2012,0.3609
10,29016974,0.0125799,0,0.0358,0.013,0.0008,0.0174
12,9559056,0.0211661,0,0.0517,0.0259,0.0121,0.0204
7,20218137,0.619808,0.8522,0.3837,0.5216,0.6952,0.591
6,152107936,0.341853,0.3611,0.1918,0.366,0.5666,0.1554
5,80844549,0.404553,0.1607,0.2763,0.3631,0.8003,0.2822
15,73637133,0.117013,0.1657,0.0209,0.036,0.2194,0.0849
19,2242390,0.832867,0.7391,0.9085,0.781,0.8147,0.9131
8,21934769,0.795327,0.9762,0.8201,0.7925,0.6233,0.818
7,67944246,0.0770767,0.003,0.1581,0.0893,0.056,0.09
1,21352024,0.0607029,0.1369,0.0278,0.0476,0.0121,0.091
5,119437639,0.355431,0.3423,0.1481,0.2075,0.6853,0.2413
6,51492605,0.0385383,0,0.0229,0.0259,0.0983,0.0225
18,44749884,0.344249,0.1984,0.4463,0.3646,0.3275,0.3978
13,105049395,0.122604,0.0446,0.0288,0.0591,0.351,0.0358
10,65280164,0.58746,0.7024,0.7952,0.5375,0.2897,0.6933
3,114753583,0.0179712,0.003,0.0189,0.0418,0.0045,0.0337
2,76954591,0.184305,0.2629,0.0537,0.0778,0.2625,0.2076
11,21015385,0.447883,0.625,0.3241,0.3501,0.5348,0.3446
18,20098681,0.0283546,0.001,0.0487,0.0187,0.0136,0.0624
9,131410276,0.0139776,0.001,0.0328,0.0115,0.0015,0.0266
12,32837534,0.14397,0.0833,0.164,0.1037,0.2103,0.1247
14,20491708,0.0708866,0.0407,0.0696,0.0937,0.056,0.1074
12,70331521,0.748802,0.7639,0.8241,0.7061,0.8071,0.6074
1,163815917,0.438099,0.5308,0.3688,0.3401,0.4834,0.4223
9,108495151,0.185903,0.4415,0.0805,0.2003,0.1067,0.1278
2,74435332,0.199281,0.3998,0.0746,0.3098,0.1112,0.1616
14,40697512,0.013778,0.005,0.0149,0.0043,0,0.047
6,74343662,0.422125,0.2738,0.3698,0.5173,0.6218,0.2914
1,175523242,0.0131789,0,0.0447,0.0101,0.0015,0.0123
1,65117762,0.103235,0.1915,0.0477,0.0749,0.0703,0.1339
10,83639303,0.0894569,0.1915,0.0089,0.0216,0.1551,0.0266
1,208768310,0.173922,0.2401,0.2555,0.1945,0.0129,0.2249
5,144609240,0.129593,0.3393,0.0795,0.1801,0.0159,0.0828
10,10312863,0.523562,0.6508,0.4423,0.4856,0.4713,0.5736
13,23876181,0.715855,0.8958,0.7833,0.8199,0.4123,0.7975
9,108231317,0.674321,0.6796,0.6213,0.7277,0.761,0.5685
1,3141169,0.0181709,0.001,0.0328,0.0187,0.0008,0.044
18,55253710,0.792931,0.9871,0.666,0.7622,0.8056,0.728
1,178024035,0.0858626,0.0466,0.1839,0.1311,0.0272,0.0726
2,223238807,0.208267,0.1905,0.1909,0.1412,0.2595,0.2229
4,13143536,0.475839,0.3244,0.3708,0.4337,0.6392,0.5491
8,857818,0.534345,0.246,0.7177,0.7911,0.3911,0.6544
8,88472362,0.265775,0.1815,0.2654,0.1715,0.3306,0.3323
16,52361766,0.235823,0.3194,0.1829,0.2824,0.1377,0.3037
12,11580811,0.0730831,0.0694,0.0189,0.0893,0.1074,0.0746
20,22948658,0.398762,0.5516,0.2286,0.3487,0.4569,0.3732
3,194615364,0.101438,0.129,0.0706,0.0288,0.1717,0.0613
1,187330303,0.028754,0.0208,0.0577,0.0432,0.003,0.0317
7,37938438,0.0505192,0.0724,0.0308,0.013,0.0295,0.1033
6,52092714,0.0145767,0,0.0388,0.0331,0.0045,0.0051
1,8217608,0.790535,0.7897,0.7455,0.8228,0.8646,0.7147
7,831891,0.16873,0.2748,0.173,0.2017,0.118,0.1002
18,37819850,0.0211661,0,0.0388,0.0231,0.028,0.0143
5,177584545,0.0469249,0.001,0.0417,0.0346,0.1225,0.0061
8,69708954,0.330272,0.375,0.2217,0.2089,0.4614,0.3047
15,61351806,0.0922524,0.1052,0.1103,0.2363,0.031,0.0409
3,13863210,0.785942,0.9087,0.6163,0.6369,0.9138,0.7669
3,184685539,0.848442,0.8909,0.9861,0.9568,0.621,0.8937
19,36768160,0.266573,0.3343,0.2724,0.2291,0.1914,0.319
15,23902324,0.188498,0.0655,0.0805,0.0778,0.5121,0.0675
1,169147236,0.397963,0.7222,0.4105,0.3156,0.2443,0.317
17,72198661,0.566893,0.4117,0.6024,0.5663,0.6082,0.635
3,4346926,0.136581,0.1845,0.0427,0.0418,0.0439,0.3763
10,134047293,0.700479,0.7133,0.7525,0.781,0.643,0.6544
6,63362816,0.130591,0.1329,0.2177,0.1527,0.0129,0.182
5,142728346,0.0838658,0.001,0.174,0.0951,0.0234,0.1503
12,17980903,0.236621,0.3145,0.2097,0.3199,0.1679,0.2178
10,29144856,0.0658946,0.004,0.1143,0.0793,0.0787,0.0532
8,139080406,0.784145,0.9901,0.7604,0.7867,0.5696,0.8845
5,71033957,0.0101837,0,0.0119,0.0029,0.0265,0.002
7,125480859,0.333666,0.3849,0.4563,0.3156,0.2035,0.3436
15,24089418,0.697883,0.8542,0.668,0.7017,0.5794,0.7249
2,231506328,0.319089,0.4454,0.1839,0.2997,0.4251,0.1984
5,131715011,0.486022,0.6736,0.4145,0.3285,0.3434,0.6708
6,145561500,0.787141,0.6944,0.7087,0.8429,0.947,0.7076
6,28458169,0.0385383,0.003,0.0606,0.0317,0.0643,0.0225
17,66299023,0.302915,0.3819,0.3519,0.3631,0.1241,0.3701
6,166586982,0.19349,0.4315,0.0855,0.0836,0.2186,0.1033
6,169115590,0.061901,0.0377,0.0706,0.098,0.0802,0.0276
14,88514322,0.726038,0.7887,0.7247,0.7061,0.7844,0.5982
10,132843764,0.402756,0.621,0.3847,0.4179,0.2345,0.4131
20,3929846,0.333466,0.2877,0.2604,0.183,0.4894,0.3517
11,76448859,0.196685,0.247,0.1054,0.085,0.1876,0.3303
22,17867152,0.0946486,0.1776,0.1034,0.1138,0.0113,0.0992
5,153724796,0.419129,0.5933,0.4672,0.5836,0.1339,0.4591
2,235445711,0.863618,0.6022,0.9145,0.9308,0.9766,0.8804
3,133005613,0.381789,0.1567,0.4324,0.3199,0.472,0.4836
7,107524548,0.371605,0.5169,0.1918,0.2594,0.528,0.2751
2,10288875,0.542532,0.2897,0.666,0.4726,0.7186,0.4877
10,127914354,0.120208,0.1577,0.0119,0.1383,0.2065,0.0634
15,84790476,0.0964457,0.0516,0.1312,0.1023,0.0083,0.2219
14,29802175,0.645767,0.4196,0.6431,0.6844,0.8714,0.5491
5,132218461,0.105232,0.1141,0.1451,0.0937,0.0144,0.1861
3,21190267,0.529752,0.5417,0.492,0.6455,0.5106,0.5
12,55697274,0.0155751,0,0.0318,0.0086,0,0.0409
7,158875666,0.0389377,0.0863,0.0199,0.0072,0.056,0.0092
13,46113399,0.763778,0.7837,0.7465,0.8458,0.6967,0.7935
3,87321560,0.464457,0.5397,0.4195,0.5303,0.3533,0.5368
16,3093301,0.296126,0.1915,0.3211,0.3718,0.354,0.2464
11,36223331,0.834065,0.9712,0.8648,0.7925,0.6936,0.8804
6,157309673,0.638179,0.6488,0.5199,0.5231,0.8351,0.5644
11,125051154,0.401957,0.4603,0.4463,0.3905,0.3896,0.3211
2,2783325,0.0678914,0.0397,0.0656,0.1182,0.028,0.1176
16,78433548,0.133387,0.1458,0.0477,0.1124,0.2383,0.0818
5,88378600,0.0607029,0.1131,0.0537,0.0331,0.0287,0.0767
8,134051967,0.10024,0,0.1342,0.2089,0.1301,0.0511
12,15085614,0.264377,0.124,0.3797,0.3285,0.23,0.2914
1,11810505,0.139377,0.0258,0.2068,0.1556,0.0703,0.2689
6,24011374,0.0964457,0.0437,0.0746,0.0634,0.1316,0.1493
5,170766744,0.0700879,0.006,0.0239,0.0461,0.2095,0.0123
5,73329307,0.104433,0.006,0.2177,0.1441,0.0998,0.0675
7,56583397,0.0686901,0.1687,0.0408,0.0533,0.003,0.0941
17,10223422,0.245807,0.3938,0.1123,0.1729,0.1725,0.3814
2,66042101,0.394169,0.4792,0.1859,0.2478,0.621,0.318
5,97581442,0.305711,0.3621,0.3171,0.2406,0.264,0.3384
17,33559987,0.335264,0.4752,0.1173,0.121,0.5446,0.2843
7,107777845,0.960863,1,0.9215,0.9467,0.997,0.9223
7,153215697,0.563498,0.6339,0.5487,0.5533,0.5953,0.4703
7,97311710,0.3125,0.2619,0.1064,0.1945,0.5741,0.3067
14,51728941,0.669129,0.631,0.7356,0.7248,0.6384,0.6421
14,76287061,0.917332,0.9315,0.8579,0.8718,0.9622,0.9356
2,100930134,0.713858,0.9355,0.668,0.6859,0.5787,0.7352
5,22669295,0.163139,0.1528,0.0706,0.281,0.1838,0.1575
1,212265420,0.926917,0.998,0.9374,0.9784,0.8169,0.955
10,30240187,0.655351,0.7183,0.499,0.67,0.7927,0.5552
5,14335941,0.539137,0.6042,0.6153,0.5504,0.4924,0.4489
11,103823897,0.0107827,0.0317,0.0109,0.0029,0,0.0092
19,37193281,0.366014,0.5893,0.3241,0.4265,0.2186,0.3354
8,101657661,0.0391374,0.0179,0.0924,0.0389,0.0076,0.0491
8,138008526,0.739617,0.8859,0.6252,0.7738,0.6558,0.7955
4,39197711,0.260583,0.1597,0.325,0.2421,0.298,0.2607
11,13113310,0.203474,0.1032,0.173,0.2248,0.3086,0.181
18,53952653,0.0199681,0,0.0408,0.0187,0.0219,0.0174
2,126846601,0.0543131,0.0248,0.0219,0.0231,0.0749,0.1125
11,68183069,0.69369,0.7887,0.7694,0.7406,0.413,0.864
13,34910005,0.274161,0.7827,0.0497,0.4135,0.0083,0.2413
5,119545635,0.28155,0.1756,0.3419,0.2608,0.32,0.2914
16,19076139,0.91893,0.9663,0.9692,0.9568,0.8086,0.9407
22,32406766,0.0209665,0,0.0596,0.0259,0.003,0.0235
6,125298036,0.822684,0.8819,0.8429,0.8934,0.6808,0.8824
3,26798069,0.5625,0.3929,0.4433,0.4942,0.8585,0.5082
3,31162729,0.425519,0.4831,0.2336,0.3905,0.4856,0.5072
4,153969403,0.0565096,0.0804,0.0229,0.0144,0.0817,0.0624
14,58045601,0.607827,0.4702,0.674,0.7133,0.6067,0.6084
6,164993944,0.740815,0.8135,0.8738,0.8689,0.4153,0.8783
12,90231778,0.160743,0.1131,0.2575,0.1571,0.1331,0.1503
12,129182751,0.109824,0.0972,0.1909,0.1412,0.0113,0.1503
13,36225730,0.0972444,0,0.0656,0.0562,0.2247,0.0869
22,21092170,0.442292,0.4772,0.3996,0.4769,0.5272,0.3108
1,73018969,0.0275559,0.0536,0.008,0.0749,0.0113,0.0092
10,73714487,0.565895,0.378,0.6243,0.5648,0.6936,0.5276
13,105179350,0.646565,0.6895,0.667,0.6268,0.5976,0.6616
17,14887959,0.023762,0,0.0696,0.0605,0.0023,0.0041
14,102559779,0.929113,1,0.9264,0.9568,0.8389,0.9611
15,73850626,0.0902556,0.1161,0.0278,0.0216,0.1445,0.1033
12,32664437,0.0513179,0.005,0.0656,0.0476,0.0454,0.0951
3,169392323,0.239417,0.3978,0.2942,0.3415,0.0446,0.2106
6,43917892,0.666334,0.5506,0.6123,0.6369,0.9327,0.502
9,8749428,0.0654952,0.0288,0.0179,0.0216,0.1823,0.0256
17,25619947,0.0117812,0.001,0.0149,0.0115,0,0.0358
8,62103792,0.424521,0.1865,0.5954,0.4035,0.5234,0.3753
7,23872409,0.441893,0.3889,0.4841,0.5648,0.3321,0.5143
2,116805220,0.0876597,0.0823,0.0755,0.0821,0.0522,0.1575
5,139748618,0.429912,0.5605,0.4811,0.513,0.2179,0.4703
7,3141756,0.977236,0.998,0.9612,0.9827,0.9985,0.9397
6,120221099,0.127796,0.1835,0.0934,0.1268,0.1687,0.0511
16,77897033,0.0155751,0,0.0328,0.0216,0.0008,0.0297
13,77894806,0.296326,0.2321,0.5934,0.3963,0.0325,0.3425
8,11261961,0.0519169,0.002,0.0437,0.0245,0.1036,0.0613
12,126287830,0.0515176,0,0.0507,0.0418,0.0991,0.0481
9,88899739,0.862819,0.994,0.6292,0.8012,0.9796,0.8538
7,30929257,0.366414,0.3194,0.1402,0.1657,0.6982,0.3415
12,58049923,0.527157,0.4177,0.668,0.6254,0.4977,0.4652
2,144076106,0.261981,0.4603,0.2793,0.2464,0.1021,0.2669
2,30659006,0.204473,0.2827,0.1551,0.3026,0.0787,0.2751
6,70086946,0.0123802,0,0.0427,0.0173,0,0.0072
11,92031796,0.582668,0.4772,0.6799,0.6671,0.534,0.5971
14,51909334,0.575679,0.6875,0.4473,0.4625,0.5998,0.6401
10,96946535,0.0101837,0,0.0278,0.0187,0.0023,0.0072
12,29063122,0.416334,0.3651,0.4334,0.6427,0.2791,0.4765
20,42196994,0.0219649,0.0069,0.0497,0.0418,0.0091,0.0123
3,72588010,0.0135783,0.001,0.0268,0.0159,0.0008,0.0286
22,50087337,0.104433,0.0843,0.1372,0.098,0.0348,0.1902
1,191765886,0.758187,0.7262,0.7256,0.6556,0.9312,0.6636
2,104768424,0.314097,0.003,0.7366,0.4135,0.0688,0.4611
8,21296977,0.238818,0.2639,0.2107,0.1931,0.1399,0.408
7,54095320,0.0319489,0,0.0348,0.0115,0.0439,0.0603
19,56114678,0.839257,0.8393,0.9304,0.8285,0.7118,0.9254
20,56112197,0.828874,0.8413,0.831,0.768,0.9433,0.7025
9,86728634,0.102436,0,0.0368,0.0519,0.2844,0.0654
15,44439380,0.109225,0.002,0.0606,0.0749,0.2617,0.0879
12,61615861,0.158946,0.2897,0.1521,0.1383,0.0356,0.2127
5,83327176,0.16873,0.1042,0.2485,0.2622,0.0628,0.2301
6,14208019,0.296326,0.0774,0.5408,0.5,0.1309,0.3497
5,121971957,0.14976,0.2827,0.1083,0.0562,0.0356,0.2761
4,30770684,0.0323482,0.0804,0.0318,0.0461,0.0015,0.0153
9,101208921,0.086861,0.1726,0.0229,0.111,0.0908,0.0419
3,68340325,0.0776757,0.0794,0.0298,0.062,0.1694,0.0123
2,68146374,0.024361,0.002,0.0845,0.0331,0.0038,0.0072
10,97365622,0.20008,0.2113,0.165,0.1326,0.2632,0.1871
14,37899888,0.505391,0.5149,0.668,0.6369,0.2663,0.5583
3,35543428,0.358027,0.5704,0.3648,0.3588,0.1785,0.3742
4,8671615,0.0571086,0.0317,0.008,0.0303,0.1415,0.0389
17,80618129,0.0283546,0.001,0.0497,0.0346,0.028,0.0307
17,16858643,0.0513179,0.0089,0.0417,0.0533,0.0318,0.1299
18,9179471,0.0173722,0,0.0477,0.0187,0.0053,0.0194
7,129504928,0.0345447,0,0.1044,0.0677,0.0076,0.0112
16,76994847,0.199081,0.3135,0.162,0.196,0.0045,0.3845
2,78396277,0.0804712,0.0526,0.0885,0.0447,0.0681,0.1431
13,74520982,0.0439297,0.003,0.1014,0.1239,0.0015,0.0276
11,51494898,0.0207668,0,0.0278,0.0115,0.0023,0.0665
20,12348083,0.192692,0.004,0.2714,0.1758,0.2209,0.2802
3,134409164,0.0910543,0.002,0.0328,0.0447,0.2859,0.0123
21,22768968,0.892173,0.9236,0.8101,0.866,0.9856,0.8364
14,40107464,0.6252,0.5327,0.4732,0.5346,0.8449,0.6442
7,77665201,0.439896,0.3056,0.5437,0.4207,0.438,0.4877
8,59101491,0.35004,0.499,0.506,0.3055,0.1967,0.2751
17,80805421,0.281949,0.4802,0.2853,0.2507,0.1127,0.3252
11,89421085,0.260982,0.3254,0.3797,0.2853,0.1195,0.2464
9,811857,0.0501198,0,0.007,0.0159,0.174,0.0031
16,4109409,0.731829,0.5784,0.7783,0.5994,0.8215,0.8149
6,132317585,0.224042,0.4127,0.2276,0.2248,0.0408,0.273
2,139564920,0.411542,0.4742,0.502,0.5231,0.202,0.4581
1,92074950,0.658347,0.8611,0.6272,0.6124,0.5582,0.6493
1,75248122,0.692891,0.7629,0.6332,0.7262,0.7005,0.6483
14,90417508,0.140176,0.2202,0.0567,0.2003,0.0227,0.2597
1,204187839,0.0359425,0.0069,0.0378,0.0173,0.0068,0.1166
9,79814164,0.596446,0.6806,0.5169,0.5504,0.6082,0.6084
6,166905984,0.186302,0.0437,0.1083,0.1744,0.3601,0.1871
15,84572456,0.596446,0.6905,0.3459,0.5706,0.8177,0.4765
2,30921601,0.0113818,0,0.0229,0.0173,0.0023,0.0194
7,102591918,0.0838658,0.0833,0.0636,0.1254,0.028,0.1513
7,141473994,0.48103,0.7411,0.4602,0.5562,0.1808,0.5869
18,27741746,0.36861,0.5317,0.3718,0.2248,0.2943,0.3998
2,141526325,0.888179,0.999,0.9016,0.9135,0.7489,0.9305
4,154291366,0.0872604,0.0159,0.0199,0.0432,0.1573,0.1667
15,39303242,0.107827,0,0.0149,0.0317,0.379,0.002
3,75429505,0.0555112,0.0972,0.0557,0.0375,0.0287,0.0613
19,352084,0.0181709,0,0.0577,0.0288,0.003,0.0092
17,74832946,0.191893,0.1607,0.0805,0.0836,0.3752,0.1677
1,205410423,0.0808706,0.0337,0.0298,0.0173,0.1793,0.0941
14,90605436,0.197883,0.0962,0.1581,0.3559,0.1324,0.32
11,35929058,0.547524,0.5645,0.7614,0.6239,0.1899,0.7393
17,47028526,0.232827,0.1756,0.2634,0.4063,0.1959,0.1871
9,32166713,0.0908546,0,0.0616,0.0562,0.2428,0.0337
13,73688655,0.0700879,0.0625,0.0507,0.0245,0.1044,0.0838
6,87968565,0.592851,0.6002,0.4692,0.6657,0.6188,0.6258
8,139516516,0.387181,0.1845,0.166,0.2363,0.8911,0.2495
8,70099995,0.126597,0.2956,0.0954,0.1369,0.0113,0.1329
6,167506726,0.0335463,0.0794,0.0189,0.0086,0.0159,0.0429
6,31378768,0.753594,0.7817,0.6083,0.8329,0.7648,0.8027
10,64232042,0.522165,0.4931,0.4702,0.4539,0.6589,0.4693
3,125229258,0.0846645,0.122,0.1252,0.1412,0.0023,0.0757
6,11122226,0.836462,0.8978,0.6829,0.7983,0.9402,0.818
1,75227643,0.043131,0.001,0.0557,0.0216,0.087,0.0297
20,2197908,0.317692,0.4861,0.3588,0.4697,0.0416,0.3671
5,34049539,0.013778,0.001,0.007,0.0072,0.0068,0.0481
6,167645406,0.204073,0.1538,0.2555,0.183,0.1906,0.2362
4,20098887,0.136182,0.0427,0.159,0.1182,0.205,0.1288
9,9418816,0.0255591,0.0099,0.0219,0.013,0,0.089
5,177867408,0.182109,0.37,0.008,0.0634,0.2231,0.1963
15,55059808,0.388179,0.4831,0.5209,0.5115,0.028,0.5532
10,126003481,0.142572,0.2708,0.0974,0.2334,0.0635,0.0992
7,145060163,0.601438,0.8274,0.7078,0.6888,0.1483,0.8098
1,233107541,0.176917,0.1647,0.1978,0.1268,0.239,0.1196
6,66012134,0.657748,0.87,0.6272,0.7233,0.4365,0.7229
9,31472488,0.174121,0.2649,0.1213,0.2349,0.0545,0.2536
18,3855618,0.0267572,0.002,0.0109,0.013,0.084,0.001
12,56752154,0.0313498,0.0347,0.0646,0.0519,0.0015,0.0194
10,73062488,0.125599,0.2222,0.1093,0.1268,0.0651,0.1237
7,153222975,0.50599,0.5258,0.5258,0.4928,0.3593,0.6728
6,106175652,0.0345447,0.0208,0.0219,0.0101,0.0015,0.1237
2,21693244,0.0700879,0.0476,0.0517,0.0418,0.0983,0.0941
3,168785079,0.36881,0.4038,0.6412,0.4323,0.0817,0.3957
3,185232649,0.368211,0.2897,0.4503,0.3948,0.441,0.2474
3,153631009,0.0189696,0,0.0477,0.0432,0.0023,0.0143
11,50106598,0.0231629,0.001,0.0606,0.0274,0.003,0.0317
13,70067929,0.355431,0.4435,0.3579,0.4942,0.1823,0.3978
1,62137112,0.338858,0.4861,0.4404,0.5101,0.0575,0.3415
6,39706983,0.0101837,0.003,0.0219,0.0288,0.003,0.002
12,73855119,0.601238,0.7708,0.5736,0.5274,0.5325,0.6002
10,130130399,0.108427,0.251,0.1302,0.1138,0.0061,0.0736
1,49247730,0.0197684,0,0.0666,0.0216,0.0008,0.0164
8,102673483,0.052516,0.0942,0.0119,0.036,0.003,0.1299
1,165288280,0.275759,0.1845,0.2932,0.3559,0.292,0.273
12,22534058,0.144968,0.0308,0.1044,0.0793,0.3222,0.1115
13,46382340,0.207867,0.0605,0.4125,0.1599,0.1967,0.1984
3,68784966,0.023762,0,0.0378,0.0288,0.0023,0.0593
15,30053684,0.140775,0.122,0.1252,0.2003,0.0582,0.2454
10,119974827,0.238818,0.6498,0.0219,0.1801,0.1876,0.1493
4,70725698,0.698283,0.8046,0.5149,0.6124,0.7935,0.7096
