RSID1,rs112563271,rs11260596,rs114006445,rs115616822,rs11584349,rs12562811,rs144207864,rs144894322,rs145069865,rs146076599,rs149362430,rs150344285,rs183122171,rs187867912,rs191486699,rs200025137,rs2905039,rs2977605,rs2977608,rs3964452,rs4246502,rs4970401,rs531271127,rs552405004,rs552621725,rs553242763,rs553698348,rs555626917,rs559547836,rs561191931,rs570518895,rs59066358,rs59306077,rs60320384,rs60442576,rs6665667,rs74048003,rs76266214,rs79750022,rs9442365
rs112563271,1.0,0.000187488,-9.0,0.000118179,-9.0,8.14882e-05,-9.0,-9.0,-9.0,-9.0,-9.0,8.14882e-05,0.000118179,-9.0,-9.0,-9.0,0.00132781,0.00132781,0.031696,-9.0,0.00304904,0.00312987,-9.0,-9.0,-9.0,-9.0,-9.0,-9.0,-9.0,-9.0,-9.0,0.00126911,-9.0,0.00125745,0.00301701,0.000769298,0.00296928,7.23614e-05,0.00144725,-9.0
rs11260596,0.000187488,1.0,-9.0,3.27156e-06,-9.0,0.000187488,-9.0,-9.0,-9.0,-9.0,-9.0,0.00229941,0.00054354,-9.0,-9.0,-9.0,0.0108577,0.0108577,0.00342659,-9.0,0.29736,0.305243,-9.0,-9.0,-9.0,-9.0,-9.0,-9.0,-9.0,-9.0,-9.0,0.00874829,-9.0,0.00580859,0.294236,0.0750265,0.275734,0.0070571,0.182108,-9.0
rs114006445,-9.0,-9.0,1.0,-9.0,-9.0,-9.0,-9.0,-9.0,-9.0,-9.0,-9.0,-9.0,-9.0,-9.0,-9.0,-9.0,-9.0,-9.0,-9.0,-9.0,-9.0,-9.0,-9.0,-9.0,-9.0,-9.0,-9.0,-9.0,-9.0,-9.0,-9.0,-9.0,-9.0,-9.0,-9.0,-9.0,-9.0,-9.0,-9.0,-9.0
rs115616822,0.000118179,3.27156e-06,-9.0,1.0,-9.0,0.000118179,-9.0,-9.0,-9.0,-9.0,-9.0,0.000118179,0.000171391,-9.0,-9.0,-9.0,0.00192568,0.00192568,0.00372853,-9.0,0.00442191,0.00453914,-9.0,-9.0,-9.0,-9.0,-9.0,-9.0,-9.0,-9.0,-9.0,0.00184055,-9.0,0.00182364,0.00358863,0.00111568,0.00374204,0.000104943,0.000433273,-9.0
rs11584349,-9.0,-9.0,-9.0,-9.0,1.0,-9.0,-9.0,-9.0,-9.0,-9.0,-9.0,-9.0,-9.0,-9.0,-9.0,-9.0,-9.0,-9.0,-9.0,-9.0,-9.0,-9.0,-9.0,-9.0,-9.0,-9.0,-9.0,-9.0,-9.0,-9.0,-9.0,-9.0,-9.0,-9.0,-9.0,-9.0,-9.0,-9.0,-9.0,-9.0
rs12562811,8.14882e-05,0.000187488,-9.0,0.000118179,-9.0,1.0,-9.0,-9.0,-9.0,-9.0,-9.0,8.14882e-05,0.000118179,-9.0,-9.0,-9.0,0.00132781,0.00132781,0.031696,-9.0,0.00304904,0.00312987,-9.0,-9.0,-9.0,-9.0,-9.0,-9.0,-9.0,-9.0,-9.0,0.00126911,-9.0,0.00125745,0.00301701,0.000769298,0.00296928,7.23614e-05,0.00144725,-9.0
rs144207864,-9.0,-9.0,-9.0,-9.0,-9.0,-9.0,1.0,-9.0,-9.0,-9.0,-9.0,-9.0,-9.0,-9.0,-9.0,-9.0,-9.0,-9.0,-9.0,-9.0,-9.0,-9.0,-9.0,-9.0,-9.0,-9.0,-9.0,-9.0,-9.0,-9.0,-9.0,-9.0,-9.0,-9.0,-9.0,-9.0,-9.0,-9.0,-9.0,-9.0
rs144894322,-9.0,-9.0,-9.0,-9.0,-9.0,-9.0,-9.0,1.0,-9.0,-9.0,-9.0,-9.0,-9.0,-9.0,-9.0,-9.0,-9.0,-9.0,-9.0,-9.0,-9.0,-9.0,-9.0,-9.0,-9.0,-9.0,-9.0,-9.0,-9.0,-9.0,-9.0,-9.0,-9.0,-9.0,-9.0,-9.0,-9.0,-9.0,-9.0,-9.0
rs145069865,-9.0,-9.0,-9.0,-9.0,-9.0,-9.0,-9.0,-9.0,1.0,-9.0,-9.0,-9.0,-9.0,-9.0,-9.0,-9.0,-9.0,-9.0,-9.0,-9.0,-9.0,-9.0,-9.0,-9.0,-9.0,-9.0,-9.0,-9.0,-9.0,-9.0,-9.0,-9.0,-9.0,-9.0,-9.0,-9.0,-9.0,-9.0,-9.0,-9.0
rs146076599,-9.0,-9.0,-9.0,-9.0,-9.0,-9.0,-9.0,-9.0,-9.0,1.0,-9.0,-9.0,-9.0,-9.0,-9.0,-9.0,-9.0,-9.0,-9.0,-9.0,-9.0,-9.0,-9.0,-9.0,-9.0,-9.0,-9.0,-9.0,-9.0,-9.0,-9.0,-9.0,-9.0,-9.0,-9.0,-9.0,-9.0,-9.0,-9.0,-9.0
rs149362430,-9.0,-9.0,-9.0,-9.0,-9.0,-9.0,-9.0,-9.0,-9.0,-9.0,1.0,-9.0,-9.0,-9.0,-9.0,-9.0,-9.0,-9.0,-9.0,-9.0,-9.0,-9.0,-9.0,-9.0,-9.0,-9.0,-9.0,-9.0,-9.0,-9.0,-9.0,-9.0,-9.0,-9.0,-9.0,-9.0,-9.0,-9.0,-9.0,-9.0
rs150344285,8.14882e-05,0.00229941,-9.0,0.000118179,-9.0,8.14882e-05,-9.0,-9.0,-9.0,-9.0,-9.0,1.0,0.000118179,-9.0,-9.0,-9.0,0.00132781,0.00132781,0.00257093,-9.0,0.00304904,0.00312987,-9.0,-9.0,-9.0,-9.0,-9.0,-9.0,-9.0,-9.0,-9.0,0.00126911,-9.0,0.00125745,0.00301701,0.000769298,0.00296928,7.23614e-05,0.00144725,-9.0
rs183122171,0.000118179,0.00054354,-9.0,0.000171391,-9.0,0.000118179,-9.0,-9.0,-9.0,-9.0,-9.0,0.000118179,1.0,-9.0,-9.0,-9.0,0.00192568,0.00192568,0.00372853,-9.0,0.000102271,0.000151752,-9.0,-9.0,-9.0,-9.0,-9.0,-9.0,-9.0,-9.0,-9.0,0.00184055,-9.0,0.00182364,0.00437546,0.00111568,0.00430623,0.000104943,0.00209889,-9.0
rs187867912,-9.0,-9.0,-9.0,-9.0,-9.0,-9.0,-9.0,-9.0,-9.0,-9.0,-9.0,-9.0,-9.0,.,-9.0,-9.0,-9.0,-9.0,-9.0,-9.0,-9.0,-9.0,-9.0,-9.0,-9.0,-9.0,-9.0,-9.0,-9.0,-9.0,-9.0,-9.0,-9.0,-9.0,-9.0,-9.0,-9.0,-9.0,-9.0,-9.0
rs191486699,-9.0,-9.0,-9.0,-9.0,-9.0,-9.0,-9.0,-9.0,-9.0,-9.0,-9.0,-9.0,-9.0,-9.0,1.0,-9.0,-9.0,-9.0,-9.0,-9.0,-9.0,-9.0,-9.0,-9.0,-9.0,-9.0,-9.0,-9.0,-9.0,-9.0,-9.0,-9.0,-9.0,-9.0,-9.0,-9.0,-9.0,-9.0,-9.0,-9.0
rs200025137,-9.0,-9.0,-9.0,-9.0,-9.0,-9.0,-9.0,-9.0,-9.0,-9.0,-9.0,-9.0,-9.0,-9.0,-9.0,1.0,-9.0,-9.0,-9.0,-9.0,-9.0,-9.0,-9.0,-9.0,-9.0,-9.0,-9.0,-9.0,-9.0,-9.0,-9.0,-9.0,-9.0,-9.0,-9.0,-9.0,-9.0,-9.0,-9.0,-9.0
rs2905039,0.00132781,0.0108577,-9.0,0.00192568,-9.0,0.00132781,-9.0,-9.0,-9.0,-9.0,-9.0,0.00132781,0.00192568,-9.0,-9.0,-9.0,1.0,1.0,0.516472,-9.0,0.00767978,0.00741646,-9.0,-9.0,-9.0,-9.0,-9.0,-9.0,-9.0,-9.0,-9.0,0.955791,-9.0,0.929306,0.000391428,8.83287e-05,0.000690361,0.0011791,0.00333929,-9.0
rs2977605,0.00132781,0.0108577,-9.0,0.00192568,-9.0,0.00132781,-9.0,-9.0,-9.0,-9.0,-9.0,0.00132781,0.00192568,-9.0,-9.0,-9.0,1.0,1.0,0.516472,-9.0,0.00767978,0.00741646,-9.0,-9.0,-9.0,-9.0,-9.0,-9.0,-9.0,-9.0,-9.0,0.955791,-9.0,0.929306,0.000391428,8.83287e-05,0.000690361,0.0011791,0.00333929,-9.0
rs2977608,0.031696,0.00342659,-9.0,0.00372853,-9.0,0.031696,-9.0,-9.0,-9.0,-9.0,-9.0,0.00257093,0.00372853,-9.0,-9.0,-9.0,0.516472,0.516472,1.0,-9.0,0.00311544,0.00306232,-9.0,-9.0,-9.0,-9.0,-9.0,-9.0,-9.0,-9.0,-9.0,0.49364,-9.0,0.477848,2.27507e-06,0.00112411,1.07664e-05,0.00228298,7.97605e-05,-9.0
rs3964452,-9.0,-9.0,-9.0,-9.0,-9.0,-9.0,-9.0,-9.0,-9.0,-9.0,-9.0,-9.0,-9.0,-9.0,-9.0,-9.0,-9.0,-9.0,-9.0,1.0,-9.0,-9.0,-9.0,-9.0,-9.0,-9.0,-9.0,-9.0,-9.0,-9.0,-9.0,-9.0,-9.0,-9.0,-9.0,-9.0,-9.0,-9.0,-9.0,-9.0
rs4246502,0.00304904,0.29736,-9.0,0.00442191,-9.0,0.00304904,-9.0,-9.0,-9.0,-9.0,-9.0,0.00304904,0.000102271,-9.0,-9.0,-9.0,0.00767978,0.00767978,0.00311544,-9.0,1.0,0.974174,-9.0,-9.0,-9.0,-9.0,-9.0,-9.0,-9.0,-9.0,-9.0,0.00417501,-9.0,0.00364672,0.112887,0.0287848,0.111101,0.00270754,0.0541516,-9.0
rs4970401,0.00312987,0.305243,-9.0,0.00453914,-9.0,0.00312987,-9.0,-9.0,-9.0,-9.0,-9.0,0.00312987,0.000151752,-9.0,-9.0,-9.0,0.00741646,0.00741646,0.00306232,-9.0,0.974174,1.0,-9.0,-9.0,-9.0,-9.0,-9.0,-9.0,-9.0,-9.0,-9.0,0.00301181,-9.0,0.00258012,0.11588,0.0295479,0.114047,0.00277932,0.0555872,-9.0
rs531271127,-9.0,-9.0,-9.0,-9.0,-9.0,-9.0,-9.0,-9.0,-9.0,-9.0,-9.0,-9.0,-9.0,-9.0,-9.0,-9.0,-9.0,-9.0,-9.0,-9.0,-9.0,-9.0,1.0,-9.0,-9.0,-9.0,-9.0,-9.0,-9.0,-9.0,-9.0,-9.0,-9.0,-9.0,-9.0,-9.0,-9.0,-9.0,-9.0,-9.0
rs552405004,-9.0,-9.0,-9.0,-9.0,-9.0,-9.0,-9.0,-9.0,-9.0,-9.0,-9.0,-9.0,-9.0,-9.0,-9.0,-9.0,-9.0,-9.0,-9.0,-9.0,-9.0,-9.0,-9.0,1.0,-9.0,-9.0,-9.0,-9.0,-9.0,-9.0,-9.0,-9.0,-9.0,-9.0,-9.0,-9.0,-9.0,-9.0,-9.0,-9.0
rs552621725,-9.0,-9.0,-9.0,-9.0,-9.0,-9.0,-9.0,-9.0,-9.0,-9.0,-9.0,-9.0,-9.0,-9.0,-9.0,-9.0,-9.0,-9.0,-9.0,-9.0,-9.0,-9.0,-9.0,-9.0,1.0,-9.0,-9.0,-9.0,-9.0,-9.0,-9.0,-9.0,-9.0,-9.0,-9.0,-9.0,-9.0,-9.0,-9.0,-9.0
rs553242763,-9.0,-9.0,-9.0,-9.0,-9.0,-9.0,-9.0,-9.0,-9.0,-9.0,-9.0,-9.0,-9.0,-9.0,-9.0,-9.0,-9.0,-9.0,-9.0,-9.0,-9.0,-9.0,-9.0,-9.0,-9.0,1.0,-9.0,-9.0,-9.0,-9.0,-9.0,-9.0,-9.0,-9.0,-9.0,-9.0,-9.0,-9.0,-9.0,-9.0
rs553698348,-9.0,-9.0,-9.0,-9.0,-9.0,-9.0,-9.0,-9.0,-9.0,-9.0,-9.0,-9.0,-9.0,-9.0,-9.0,-9.0,-9.0,-9.0,-9.0,-9.0,-9.0,-9.0,-9.0,-9.0,-9.0,-9.0,1.0,-9.0,-9.0,-9.0,-9.0,-9.0,-9.0,-9.0,-9.0,-9.0,-9.0,-9.0,-9.0,-9.0
rs555626917,-9.0,-9.0,-9.0,-9.0,-9.0,-9.0,-9.0,-9.0,-9.0,-9.0,-9.0,-9.0,-9.0,-9.0,-9.0,-9.0,-9.0,-9.0,-9.0,-9.0,-9.0,-9.0,-9.0,-9.0,-9.0,-9.0,-9.0,1.0,-9.0,-9.0,-9.0,-9.0,-9.0,-9.0,-9.0,-9.0,-9.0,-9.0,-9.0,-9.0
rs559547836,-9.0,-9.0,-9.0,-9.0,-9.0,-9.0,-9.0,-9.0,-9.0,-9.0,-9.0,-9.0,-9.0,-9.0,-9.0,-9.0,-9.0,-9.0,-9.0,-9.0,-9.0,-9.0,-9.0,-9.0,-9.0,-9.0,-9.0,-9.0,1.0,-9.0,-9.0,-9.0,-9.0,-9.0,-9.0,-9.0,-9.0,-9.0,-9.0,-9.0
rs561191931,-9.0,-9.0,-9.0,-9.0,-9.0,-9.0,-9.0,-9.0,-9.0,-9.0,-9.0,-9.0,-9.0,-9.0,-9.0,-9.0,-9.0,-9.0,-9.0,-9.0,-9.0,-9.0,-9.0,-9.0,-9.0,-9.0,-9.0,-9.0,-9.0,1.0,-9.0,-9.0,-9.0,-9.0,-9.0,-9.0,-9.0,-9.0,-9.0,-9.0
rs570518895,-9.0,-9.0,-9.0,-9.0,-9.0,-9.0,-9.0,-9.0,-9.0,-9.0,-9.0,-9.0,-9.0,-9.0,-9.0,-9.0,-9.0,-9.0,-9.0,-9.0,-9.0,-9.0,-9.0,-9.0,-9.0,-9.0,-9.0,-9.0,-9.0,-9.0,1.0,-9.0,-9.0,-9.0,-9.0,-9.0,-9.0,-9.0,-9.0,-9.0
rs59066358,0.00126911,0.00874829,-9.0,0.00184055,-9.0,0.00126911,-9.0,-9.0,-9.0,-9.0,-9.0,0.00126911,0.00184055,-9.0,-9.0,-9.0,0.955791,0.955791,0.49364,-9.0,0.00417501,0.00301181,-9.0,-9.0,-9.0,-9.0,-9.0,-9.0,-9.0,-9.0,-9.0,1.0,-9.0,0.972486,0.00106999,0.000386028,0.00230635,0.00112697,0.00237178,-9.0
rs59306077,-9.0,-9.0,-9.0,-9.0,-9.0,-9.0,-9.0,-9.0,-9.0,-9.0,-9.0,-9.0,-9.0,-9.0,-9.0,-9.0,-9.0,-9.0,-9.0,-9.0,-9.0,-9.0,-9.0,-9.0,-9.0,-9.0,-9.0,-9.0,-9.0,-9.0,-9.0,-9.0,1.0,-9.0,-9.0,-9.0,-9.0,-9.0,-9.0,-9.0
rs60320384,0.00125745,0.00580859,-9.0,0.00182364,-9.0,0.00125745,-9.0,-9.0,-9.0,-9.0,-9.0,0.00125745,0.00182364,-9.0,-9.0,-9.0,0.929306,0.929306,0.477848,-9.0,0.00364672,0.00258012,-9.0,-9.0,-9.0,-9.0,-9.0,-9.0,-9.0,-9.0,-9.0,0.972486,-9.0,1.0,0.000141785,0.000472284,0.000744541,0.00111662,0.00219201,-9.0
rs60442576,0.00301701,0.294236,-9.0,0.00358863,-9.0,0.00301701,-9.0,-9.0,-9.0,-9.0,-9.0,0.00301701,0.00437546,-9.0,-9.0,-9.0,0.000391428,0.000391428,2.27507e-06,-9.0,0.112887,0.11588,-9.0,-9.0,-9.0,-9.0,-9.0,-9.0,-9.0,-9.0,-9.0,0.00106999,-9.0,0.000141785,1.0,0.254987,0.963085,0.0239845,0.0535827,-9.0
rs6665667,0.000769298,0.0750265,-9.0,0.00111568,-9.0,0.000769298,-9.0,-9.0,-9.0,-9.0,-9.0,0.000769298,0.00111568,-9.0,-9.0,-9.0,8.83287e-05,8.83287e-05,0.00112411,-9.0,0.0287848,0.0295479,-9.0,-9.0,-9.0,-9.0,-9.0,-9.0,-9.0,-9.0,-9.0,0.000386028,-9.0,0.000472284,0.254987,1.0,0.259086,0.000683135,0.0136629,-9.0
rs74048003,0.00296928,0.275734,-9.0,0.00374204,-9.0,0.00296928,-9.0,-9.0,-9.0,-9.0,-9.0,0.00296928,0.00430623,-9.0,-9.0,-9.0,0.000690361,0.000690361,1.07664e-05,-9.0,0.111101,0.114047,-9.0,-9.0,-9.0,-9.0,-9.0,-9.0,-9.0,-9.0,-9.0,0.00230635,-9.0,0.000744541,0.963085,0.259086,1.0,0.02437,0.052735,-9.0
rs76266214,7.23614e-05,0.0070571,-9.0,0.000104943,-9.0,7.23614e-05,-9.0,-9.0,-9.0,-9.0,-9.0,7.23614e-05,0.000104943,-9.0,-9.0,-9.0,0.0011791,0.0011791,0.00228298,-9.0,0.00270754,0.00277932,-9.0,-9.0,-9.0,-9.0,-9.0,-9.0,-9.0,-9.0,-9.0,0.00112697,-9.0,0.00111662,0.0239845,0.000683135,0.02437,1.0,0.00128515,-9.0
rs79750022,0.00144725,0.182108,-9.0,0.000433273,-9.0,0.00144725,-9.0,-9.0,-9.0,-9.0,-9.0,0.00144725,0.00209889,-9.0,-9.0,-9.0,0.00333929,0.00333929,7.97605e-05,-9.0,0.0541516,0.0555872,-9.0,-9.0,-9.0,-9.0,-9.0,-9.0,-9.0,-9.0,-9.0,0.00237178,-9.0,0.00219201,0.0535827,0.0136629,0.052735,0.00128515,1.0,-9.0
rs9442365,-9.0,-9.0,-9.0,-9.0,-9.0,-9.0,-9.0,-9.0,-9.0,-9.0,-9.0,-9.0,-9.0,-9.0,-9.0,-9.0,-9.0,-9.0,-9.0,-9.0,-9.0,-9.0,-9.0,-9.0,-9.0,-9.0,-9.0,-9.0,-9.0,-9.0,-9.0,-9.0,-9.0,-9.0,-9.0,-9.0,-9.0,-9.0,-9.0,1.0
