GENE	CHR	START	STOP	NSNPS	NPARAM	N	ZSTAT	P	GeneName
148398	1	859993	879961	2	1	16747	0.8693	0.19234	SAMD11
26155	1	879583	894679	28	2	18026	1.0843	0.13912	NOC2L
339451	1	895967	901099	13	2	16481	0.73712	0.23052	KLHL17
84069	1	901872	910488	1	1	15116	0.090361	0.464	PLEKHN1
84808	1	910579	917473	7	1	19139	0.60929	0.27117	PERM1
57801	1	934342	936608	10	2	16288	-0.45276	0.67464	HES4
9636	1	948847	949920	1	1	18825	-0.72085	0.7645	ISG15
375790	1	955503	991499	11	3	15990	-0.78814	0.78469	AGRN
401934	1	1007126	1009687	4	1	16812	-0.15203	0.56042	RNF223
54991	1	1017198	1051736	86	5	22066	-0.28211	0.61107	C1orf159
254173	1	1109286	1133315	67	8	19730	1.1318	0.12885	TTLL10
8784	1	1138888	1142163	3	1	15139	1.3305	0.09168	TNFRSF18
7293	1	1146706	1149703	7	2	20255	0.37114	0.35527	TNFRSF4
51150	1	1152288	1167447	83	3	22681	-0.24761	0.59778	SDF4
126792	1	1167629	1170421	8	2	18253	0.55636	0.28898	B3GALT6
388581	1	1177826	1182102	8	2	17807	-0.61266	0.72995	C1QTNF12
118424	1	1189292	1209234	25	2	19408	-0.12927	0.55143	UBE2J2
6339	1	1215816	1227409	4	1	16856	-0.33485	0.63113	SCNN1D
116983	1	1227764	1243304	10	1	17168	-0.24564	0.59702	ACAP3
126789	1	1243962	1247057	1	1	16977	0.32497	0.3726	PUSL1
54973	1	1246965	1260067	5	1	16775	0.46899	0.31954	INTS11
80772	1	1260136	1264276	1	1	17093	-0.343	0.6342	CPTP
1855	1	1270658	1284509	6	1	17922	0.62062	0.26742	DVL1
54587	1	1288071	1297183	2	1	19395	0.34832	0.3638	MXRA8
54998	1	1309110	1310818	4	2	20600	0.61536	0.26916	AURKAIP1
81669	1	1321091	1334718	11	3	18235	0.48016	0.31556	CCNL2
55052	1	1337276	1342693	10	3	19265	0.73293	0.2318	MRPL20
441869	1	1353800	1356824	1	1	20133	0.56599	0.2857	ANKRD65
64856	1	1370903	1378262	2	1	16119	0.15002	0.44037	VWA1
219293	1	1378152	1405538	3	1	17412	0.31623	0.37591	ATAD3C
83858	1	1407139	1444852	19	2	17255	-0.43822	0.66939	ATAD3B
55210	1	1447523	1470067	43	4	17263	0.47345	0.31794	ATAD3A
339453	1	1470158	1475740	6	2	19814	-0.31213	0.62253	TMEM240
29101	1	1477053	1510262	65	5	20891	-0.67868	0.75133	SSU72
9906	1	1656277	1677438	16	1	16601	3.5182	0.0002172	SLC35E2A
65220	1	1682671	1711508	50	5	20155	3.7401	9.1975e-05	NADK
2782	1	1716725	1822552	104	9	23658	4.1744	1.4938e-05	GNB1
163688	1	1846266	1848733	7	2	22180	4.2957	8.7086e-06	CALML6
339456	1	1849029	1850740	3	1	21942	4.311	8.1246e-06	TMEM52
85452	1	1853390	1935276	218	14	20465	2.634	0.0042199	CFAP74
2563	1	1950768	1962192	12	2	20799	-0.20226	0.58014	GABRD
5590	1	1981909	2116834	283	14	22061	-0.249	0.59832	PRKCZ
100506504	1	2113250	2115812	2	1	23387	0.018708	0.49254	PRKCZ-AS1
199990	1	2115899	2144159	40	6	19268	-0.55118	0.70924	FAAP20
6497	1	2160134	2241652	186	29	19639	0.40783	0.3417	SKI
79906	1	2251719	2323190	275	27	18836	1.2549	0.10475	MORN1
11079	1	2323214	2336883	34	9	19655	1.1217	0.131	RER1
5192	1	2336241	2344010	18	5	19554	0.94544	0.17222	PEX10
9651	1	2407754	2436964	56	8	19089	1.5912	0.055782	PLCH2
55229	1	2439975	2458061	30	3	21190	1.6705	0.047413	PANK4
388585	1	2460184	2461684	2	1	17495	0.18362	0.42716	HES5
8764	1	2487291	2495268	16	3	21798	0.0089211	0.49644	TNFRSF14
127281	1	2517899	2522908	9	3	22575	0.88657	0.18766	PRXL2B
79258	1	2522078	2564499	140	5	24425	-0.42614	0.665	MMEL1
100287898	1	2572807	2706230	214	13	18139	1.0744	0.14131	TTC34
140625	1	2938046	2939467	2	1	21110	0.047331	0.48112	ACTRT2
63976	1	2985565	3355185	1041	109	22208	1.0014	0.15831	PRDM16
27237	1	3371147	3397677	60	7	22026	-0.928	0.8233	ARHGEF16
1953	1	3404506	3528059	258	43	17758	-0.19401	0.57692	MEGF6
127262	1	3541556	3546695	10	3	22206	-1.2554	0.89533	TPRG1L
49856	1	3547331	3566671	34	7	20407	-0.82493	0.79529	WRAP73
7161	1	3569129	3652765	149	25	19396	-0.64023	0.73899	TP73
148870	1	3668965	3688209	42	6	22520	0.36606	0.35716	CCDC27
388588	1	3689352	3692546	4	1	18052	-0.89399	0.81434	SMIM1
57470	1	3696784	3713068	39	7	21216	1.7213	0.042595	LRRC47
9731	1	3728645	3773797	267	13	24801	1.1786	0.11928	CEP104
1677	1	3773845	3801993	120	12	21183	-0.29022	0.61417	DFFB
339448	1	3805697	3816857	35	5	25326	-0.90138	0.81631	C1orf174
55966	1	4715105	4843851	548	62	25278	-1.131	0.87098	AJAP1
261734	1	5922870	6052618	357	16	25221	0.86622	0.19319	NPHP4
8514	1	6052358	6161253	218	32	21479	-0.30408	0.61947	KCNAB2
26038	1	6161847	6240194	262	24	22713	-0.13038	0.55187	CHD5
6146	1	6245080	6259679	27	4	20652	1.4807	0.069341	RPL22
388591	1	6266189	6281359	31	4	17459	-1.2712	0.89817	RNF207
23463	1	6281253	6296044	24	3	19258	-1.1773	0.88046	ICMT
390992	1	6304252	6305638	4	1	19920	0.0078068	0.49689	HES3
387509	1	6307406	6321035	32	2	20545	0.75686	0.22457	GPR153
11332	1	6324332	6453826	351	17	21404	-0.3553	0.63882	ACOT7
54626	1	6475292	6484724	25	4	22464	-0.5551	0.71059	HES2
83715	1	6484836	6521004	77	7	22022	-0.65449	0.7436	ESPN
8718	1	6520787	6527432	13	3	23768	1.1158	0.13225	TNFRSF25
57449	1	6526152	6580121	119	17	23561	-0.1906	0.57558	PLEKHG5
79707	1	6581407	6614658	110	3	25683	0.26318	0.39621	NOL9
80835	1	6614987	6639817	37	5	25437	-0.44523	0.67192	TAS1R1
3104	1	6640051	6649340	11	5	23467	-2.1069	0.98244	ZBTB48
9903	1	6650784	6662958	25	6	25584	-0.57906	0.71872	KLHL21
148479	1	6673756	6684093	22	5	25173	-1.1325	0.87129	PHF13
90326	1	6684925	6695646	28	5	25420	-0.63199	0.7363	THAP3
55735	1	6694228	6761966	138	14	25095	-0.47937	0.68416	DNAJC11
23261	1	6845384	7829766	2495	173	24641	1.1222	0.13089	CAMTA1
9341	1	7831329	7841492	32	8	25972	0.15246	0.43941	VAMP3
8863	1	7844413	7905241	224	25	25902	-0.19965	0.57912	PER3
10911	1	7907672	7913551	23	8	25278	-0.83172	0.79722	UTS2
3604	1	7975931	8003225	49	6	21535	-0.64833	0.74162	TNFRSF9
11315	1	8021714	8045342	50	7	24375	-1.2887	0.90126	PARK7
54206	1	8071779	8086393	22	4	24635	-1.8274	0.96618	ERRFI1
50651	1	8378171	8404227	84	12	25431	-0.089319	0.53559	SLC45A1
473	1	8412464	8877699	642	23	25216	2.6152	0.0044586	RERE
2023	1	8921059	8939151	25	4	25569	0.51944	0.30173	ENO1
765	1	9005893	9035151	108	22	22437	1.1205	0.13125	CA6
155184	1	9063359	9086404	49	9	23276	0.38333	0.35074	SLC2A7
6518	1	9097005	9131763	110	13	25027	0.84492	0.19908	SLC2A5
80045	1	9163472	9189229	54	7	25659	-0.47612	0.68301	GPR157
9563	1	9294822	9331396	92	14	24743	1.005	0.15744	H6PD
80176	1	9335202	9429591	410	57	23653	-1.2826	0.90018	SPSB1
84275	1	9599528	9642831	44	4	24321	-1.2036	0.88563	SLC25A33
199953	1	9648932	9674935	29	3	25232	-1.3499	0.91147	TMEM201
5293	1	9711789	9789172	105	17	20465	0.54271	0.29367	PIK3CD
22883	1	9789079	9884550	100	8	22815	-0.35323	0.63804	CLSTN1
56998	1	9908334	9970316	50	6	20800	-1.8433	0.96736	CTNNBIP1
84328	1	9982168	10003460	24	4	20678	-0.54508	0.70715	LZIC
64802	1	10003486	10045556	58	6	24086	-0.4459	0.67217	NMNAT1
116362	1	10057255	10076078	35	4	24079	0.16662	0.43384	RBP7
10277	1	10093041	10241297	270	13	25213	0.76666	0.22164	UBE4B
23095	1	10270606	10441664	506	13	25199	0.80914	0.20922	KIF1B
5226	1	10458884	10480565	45	6	24629	1.3407	0.09001	PGD
378708	1	10489944	10510239	53	5	25228	0.16871	0.43301	CENPS
100526739	1	10490159	10512060	54	5	25499	0.18322	0.42731	CENPS-CORT
1325	1	10509776	10512060	4	1	26021	0.65022	0.25778	CORT
1676	1	10520588	10532613	16	4	25031	-0.21141	0.58372	DFFA
5195	1	10535003	10690815	332	20	24819	-1.0111	0.84402	PEX14
54897	1	10696661	10856733	292	46	21110	-0.2304	0.59111	CASZ1
148345	1	11006530	11042094	99	11	23880	1.8195	0.034419	C1orf127
23435	1	11072462	11085549	20	3	24097	0.80128	0.21148	TARDBP
10747	1	11086580	11107296	45	4	24213	0.34038	0.36678	MASP2
6723	1	11114649	11120091	8	3	21130	-1.2988	0.90299	SRM
5394	1	11126675	11159961	88	4	22642	-0.36601	0.64282	EXOSC10
2475	1	11166588	11322614	278	6	22417	-0.50993	0.69495	MTOR
10218	1	11249346	11256038	11	1	23352	-1.0141	0.84473	ANGPTL7
29914	1	11333255	11348491	2	1	17879	-0.27825	0.60959	UBIAD1
57540	1	11539295	11597640	132	11	25847	-1.2189	0.88856	DISP3
26232	1	11707924	11714888	3	2	17006	0.98718	0.16178	FBXO2
93611	1	11714432	11723384	12	4	21033	-0.10533	0.54194	FBXO44
26270	1	11724150	11734411	28	6	20196	-0.10632	0.54234	FBXO6
10459	1	11734537	11751678	30	6	21130	0.29475	0.38409	MAD2L2
374946	1	11751781	11780336	64	9	23343	1.5015	0.066609	DRAXIN
57085	1	11796142	11810828	32	5	19895	0.75807	0.2242	AGTRAP
284498	1	11823827	11849642	146	9	25948	1.6569	0.04877	C1orf167
4524	1	11845787	11866160	76	10	25927	1.459	0.072289	MTHFR
1185	1	11866153	11903201	189	12	25961	1.144	0.12632	CLCN6
4878	1	11905766	11907840	16	4	26021	0.2607	0.39716	NPPA
90231	1	11979645	11986485	19	5	25984	-0.58482	0.72067	KIAA2013
5351	1	11994724	12035599	102	9	25956	0.076924	0.46934	PLOD1
9927	1	12040238	12073572	81	7	25806	0.49259	0.31115	MFN2
60672	1	12079299	12092106	20	4	21293	-0.023184	0.50925	MIIP
943	1	12123434	12204264	173	28	21776	0.12789	0.44912	TNFRSF8
7133	1	12227044	12269279	114	11	23639	0.31525	0.37629	TNFRSF1B
55187	1	12290101	12572099	232	14	19587	-0.73667	0.76934	VPS13D
9249	1	12627939	12677820	146	24	23867	0.51039	0.30489	DHRS3
343066	1	12704566	12727097	30	2	20359	-0.79393	0.78638	AADACL4
126767	1	12776118	12788726	40	5	23828	1.0236	0.15302	AADACL3
93190	1	12806163	12821102	32	5	21528	-0.040235	0.51605	CFAP107
390999	1	12834984	12838049	7	2	24184	-0.1887	0.57483	PRAMEF12
65121	1	12851546	12856777	2	1	16995	-1.0381	0.85039	PRAMEF1
343069	1	12907261	12908578	3	1	22062	-0.23239	0.59188	HNRNPCL1
65122	1	12916941	12921764	2	1	20643	0.15741	0.43746	PRAMEF2
440563	1	13182960	13184326	4	1	20016	-0.055768	0.52224	HNRNPCL2
126755	1	13801445	13840242	124	23	20574	-0.86657	0.80691	LRRC38
10630	1	13910252	13944452	89	19	23442	2.5686	0.0051062	PDPN
7799	1	14026714	14151574	317	21	24385	-1.2851	0.90061	PRDM2
23254	1	14219646	15444544	4032	267	24118	1.2197	0.1113	KAZN
55092	1	15479028	15546974	336	22	25443	3.2794	0.00052019	TMEM51
727684	1	15490692	15498120	27	6	25725	3.0115	0.0012997	TMEM51-AS2
114827	1	15573730	15724767	379	38	23937	-0.036717	0.51464	FHAD1
79180	1	15736391	15756839	43	10	23299	2.0872	0.018436	EFHD2
11330	1	15764938	15773153	11	3	25519	-0.091922	0.53662	CTRC
63036	1	15783223	15798586	57	8	24429	0.77011	0.22062	CELA2A
51032	1	15802596	15817895	39	6	25409	-0.16539	0.56568	CELA2B
842	1	15817896	15851407	119	7	25723	0.065225	0.474	CASP9
23341	1	15853343	15898228	99	8	25310	0.28696	0.38707	DNAJC16
79814	1	15898194	15911605	55	5	25792	-0.12243	0.54872	AGMAT
84301	1	15943953	15995539	112	5	25195	0.47032	0.31906	DDI2
6248	1	15986364	15988217	3	2	24789	-0.16234	0.56448	RSC1A1
23207	1	16010632	16061264	141	11	24905	0.11642	0.45366	PLEKHM2
284723	1	16062721	16067884	3	1	26021	-0.59314	0.72346	SLC25A34
388595	1	16068987	16074292	14	3	23195	-1.247	0.8938	TMEM82
54751	1	16083107	16113089	58	8	25209	0.32308	0.37332	FBLIM1
440567	1	16133657	16134194	4	1	25701	1.2214	0.11097	UQCRHL
23013	1	16174359	16266951	131	14	25305	1.7911	0.036641	SPEN
7709	1	16268364	16302627	49	10	25358	2.6032	0.0046179	ZBTB17
101928566	1	16302626	16323701	74	10	25576	2.4324	0.0075003	TBC1D3P6
149563	1	16330731	16333184	11	3	26021	1.7133	0.043327	SRARP
27129	1	16340523	16346084	43	5	26021	2.7148	0.0033155	HSPB7
1187	1	16348486	16360548	65	9	25695	2.7356	0.0031131	CLCNKA
1188	1	16370231	16383821	124	12	24762	1.9438	0.02596	CLCNKB
348487	1	16384264	16400127	73	8	25202	2.415	0.0078667	FAM131C
1969	1	16450832	16482582	47	9	23078	1.3125	0.094674	EPHA2
128272	1	16524599	16539104	50	5	25433	-1.1153	0.86764	ARHGEF19
101927546	1	16551343	16553528	7	1	26021	0.41294	0.33982	ANO7L1
79363	1	16558182	16563659	12	4	24190	0.82742	0.204	CPLANE2
54455	1	16573339	16678965	191	8	25494	1.2342	0.10856	FBXO42
26099	1	16693525	16724643	52	6	25287	-0.18132	0.57194	SZRD1
374955	1	16722101	16763919	98	14	24034	1.295	0.097653	SPATA21
55707	1	16767167	16786585	29	5	24211	1.6767	0.0468	NECAP2
9696	1	17248445	17299474	74	7	20241	0.19166	0.424	CROCC
4237	1	17300997	17308081	15	3	25137	-0.19294	0.5765	MFAP2
23400	1	17312453	17338467	45	7	25442	0.56487	0.28608	ATP13A2
6390	1	17345217	17380665	109	10	25889	0.60954	0.27108	SDHB
11240	1	17393256	17445948	230	12	25684	0.25856	0.39799	PADI2
29943	1	17531621	17572501	114	25	23594	-0.77772	0.78163	PADI1
51702	1	17575593	17610728	157	21	25642	-0.29223	0.61494	PADI3
23569	1	17634690	17690495	290	21	25151	0.66695	0.2524	PADI4
353238	1	17698741	17728195	154	13	25694	-0.6407	0.73914	PADI6
55920	1	17733251	17766250	63	8	25688	-0.54424	0.70686	RCC2
55160	1	17846693	18024370	335	32	22111	-0.354	0.63833	ARHGEF10L
81569	1	18081808	18153558	175	16	25439	-0.471	0.68118	ACTL8
84966	1	18434240	18704977	823	88	24342	1.5797	0.057089	IGSF21
127707	1	18807424	18812540	26	6	25593	0.13262	0.44725	KLHDC7A
5081	1	18957500	19075360	236	34	22209	0.16822	0.43321	PAX7
80834	1	19166093	19186155	93	15	24366	1.1062	0.13432	TAS1R2
8659	1	19197924	19229293	127	17	20530	0.17259	0.43149	ALDH4A1
126917	1	19230774	19282826	122	19	24324	0.035711	0.48576	IFFO2
23352	1	19401000	19536812	252	15	25281	0.12736	0.44933	UBR4
23065	1	19542158	19578053	104	12	25671	-0.32505	0.62743	EMC1
51154	1	19578075	19586622	51	8	26013	-0.56856	0.71517	MRTO4
22977	1	19609057	19615280	26	5	25981	-0.87143	0.80824	AKR7A3
8574	1	19629202	19638640	26	9	25571	0.31223	0.37743	AKR7A2
54896	1	19638740	19658925	96	12	25381	1.9038	0.028467	SLC66A1
832	1	19665267	19812066	514	21	25645	1.2019	0.11471	CAPZB
440574	1	19923471	19956315	71	11	25610	3.1425	0.0008377	MICOS10
100532736	1	19923471	19984949	173	26	25068	2.7355	0.0031143	MICOS10-NBL1
4681	1	19969723	19984949	54	14	24145	0.73519	0.23111	NBL1
3362	1	19991780	20006055	35	6	23770	2.1007	0.017833	HTR6
255104	1	20008706	20126424	312	34	24488	2.0041	0.02253	TMCO4
54546	1	20140522	20141771	3	2	24960	-0.041207	0.51643	RNF186
23252	1	20208356	20239438	74	12	25656	0.35295	0.36206	OTUD3
30814	1	20246800	20250110	15	4	20563	0.75998	0.22363	PLA2G2E
5320	1	20301924	20306932	13	5	20927	2.255	0.012068	PLA2G2A
5322	1	20386157	20418394	112	16	25453	0.71126	0.23846	PLA2G5
26279	1	20439143	20446059	11	4	20291	0.25944	0.39765	PLA2G2D
64600	1	20465823	20476879	3	2	19662	0.18476	0.42671	PLA2G2F
391013	1	20490484	20501687	38	8	25145	0.6513	0.25743	PLA2G2C
127733	1	20512578	20522540	9	3	23166	0.89459	0.1855	UBXN10
127731	1	20617412	20681662	246	28	25513	0.91712	0.17954	VWA5B1
55450	1	20808884	20812728	3	2	22978	0.022324	0.49109	CAMK2N1
79594	1	20825941	20834674	25	8	24636	0.62705	0.26531	MUL1
163933	1	20878932	20881513	3	1	26021	0.73609	0.23084	FAM43B
978	1	20915444	20945401	124	17	25941	1.3511	0.088326	CDA
65018	1	20959948	20978004	71	9	25732	1.8352	0.033238	PINK1
1650	1	20978260	20988037	31	6	25540	1.3852	0.082996	DDOST
57576	1	20990475	21044317	188	36	23671	-0.66016	0.74542	KIF17
400745	1	21046225	21059133	34	8	25242	-0.26676	0.60517	SH2D5
50809	1	21069170	21113808	88	12	24737	-0.041566	0.51658	HP1BP3
8672	1	21132785	21503381	690	21	24816	-1.2046	0.88583	EIF4G3
1889	1	21543740	21672034	324	31	25339	0.32877	0.37116	ECE1
84224	1	21766583	21811393	165	13	25435	1.0683	0.1427	NBPF3
249	1	21835475	21904905	304	27	25516	-0.40839	0.65851	ALPL
5909	1	21922708	21996010	265	38	25670	-0.66946	0.7484	RAP1GAP
84196	1	22004791	22109688	333	27	25252	-0.058623	0.52337	USP48
401944	1	22138758	22151714	40	15	24554	0.91903	0.17904	LDLRAD2
3339	1	22148737	22263750	328	27	25290	2.1035	0.017712	HSPG2
23436	1	22303418	22315847	158	14	23512	-0.16345	0.56492	CELA3B
10136	1	22328149	22339035	53	6	24040	-0.64317	0.73994	CELA3A
998	1	22379120	22419439	90	11	24602	0.0041329	0.49835	CDC42
54361	1	22443798	22470474	88	15	24296	0.78746	0.21551	WNT4
9923	1	22778344	22857650	119	11	24831	0.15874	0.43694	ZBTB40
2046	1	22890004	22930087	153	20	25335	1.6338	0.051153	EPHA8
712	1	22963118	22966175	5	2	24813	-0.82385	0.79499	C1QA
714	1	22969969	22974603	20	3	25884	-1.2044	0.88578	C1QC
713	1	22979682	22988130	26	6	25484	0.35126	0.3627	C1QB
2048	1	23037263	23241823	396	43	24703	1.8423	0.032714	EPHB2
646262	1	23279536	23299524	49	11	25106	1.6706	0.047405	LACTBL1
729059	1	23337327	23342343	7	2	26021	1.8624	0.031276	TEX46
23028	1	23345937	23410184	62	6	25189	1.4315	0.076142	KDM1A
7798	1	23410516	23504301	157	16	25038	1.6393	0.050576	LUZP1
3352	1	23518388	23521222	5	2	25411	1.0966	0.1364	HTR1D
10236	1	23635953	23671143	30	4	25143	0.56521	0.28597	HNRNPR
80818	1	23685941	23696357	24	4	25877	-0.1619	0.56431	ZNF436
6920	1	23707555	23751269	109	15	24540	-0.010972	0.50438	TCEA3
55616	1	23755056	23810750	110	12	24858	-1.7387	0.95896	ASAP3
1870	1	23832920	23857712	51	7	25426	-0.1	0.53983	E2F2
3399	1	23884421	23886285	7	3	23566	0.15161	0.43975	ID3
6135	1	24018269	24022915	3	1	24955	1.0958	0.13659	RPL11
6924	1	24069856	24088549	13	4	23965	0.77586	0.21892	ELOA
57095	1	24104876	24114722	6	2	22438	-0.66896	0.74824	PITHD1
11313	1	24117275	24122029	3	1	23714	0.67873	0.24866	LYPLA2
3155	1	24128367	24165110	42	3	25335	-0.17361	0.56891	HMGCL
2517	1	24171567	24194859	43	4	24751	-1.4498	0.92644	FUCA1
1269	1	24197005	24285549	209	11	21563	1.1595	0.12312	CNR2
55629	1	24286301	24289952	2	1	22051	2.5696	0.0050914	PNRC2
10772	1	24292935	24306953	2	1	19256	2.7549	0.0029358	SRSF10
127294	1	24382531	24438665	187	19	25633	0.69713	0.24286	MYOM3
58985	1	24446261	24469783	61	11	25896	-1.1065	0.86574	IL22RA1
163702	1	24480647	24513765	106	17	24309	-0.72962	0.76719	IFNLR1
57822	1	24645812	24690972	88	18	24008	0.34526	0.36495	GRHL3
90529	1	24683489	24741587	153	15	25304	-0.50261	0.69238	STPG1
57185	1	24742245	24799473	156	13	25909	-0.80109	0.78846	NIPAL3
11123	1	24828841	24863510	100	12	24976	-0.1179	0.54692	RCAN3
400746	1	24882567	24935819	230	28	25873	1.6582	0.048638	NCMAP
10250	1	24969594	24999772	21	4	23437	0.064978	0.4741	SRRM1
25932	1	25071760	25170815	85	7	24616	0.78451	0.21637	CLIC4
864	1	25226002	25291648	109	18	23373	0.7031	0.241	RUNX3
25949	1	25548767	25559013	2	1	23932	1.2181	0.1116	SYF2
57035	1	25568740	25574010	3	2	24788	1.0267	0.15229	RSRP1
6007	1	25598884	25656936	1	1	19418	0.68713	0.246	RHD
23585	1	25664789	25688852	14	2	21136	-0.24156	0.59544	TMEM50A
6006	1	25687853	25747363	61	2	24648	0.17599	0.43015	RHCE
55219	1	25757388	25826700	78	1	24963	0.015823	0.49369	MACO1
26119	1	25870071	25895377	24	2	23587	-1.2199	0.88874	LDLRAP1
57134	1	25943959	26111258	210	17	23632	0.38497	0.35013	MAN1C1
57190	1	26126667	26144713	36	3	24509	0.85179	0.19717	SELENON
56181	1	26146397	26159433	28	2	25725	0.88196	0.1889	MTFR1L
79000	1	26158414	26185939	62	2	25788	0.67162	0.25091	AUNIP
164091	1	26187975	26202461	9	2	24362	2.4511	0.0071217	PAQR7
3925	1	26210670	26233368	25	4	24150	2.6679	0.0038159	STMN1
5051	1	26286258	26326366	82	5	25451	1.9724	0.024283	PAFAH2
2134	1	26348266	26362955	17	4	24753	1.4739	0.070252	EXTL1
7780	1	26364513	26373439	15	3	25600	1.0014	0.15831	SLC30A2
84676	1	26377792	26394142	36	4	24877	2.0642	0.019497	TRIM63
149420	1	26437656	26452039	30	2	25058	1.6044	0.054311	PDIK1L
79927	1	26485511	26489119	7	3	26021	0.58204	0.28027	FAM110D
51042	1	26496388	26497364	4	2	26021	1.575	0.057624	ZNF593
10256	1	26503981	26516375	27	7	25249	2.0883	0.018384	CNKSR1
378807	1	26517119	26529033	62	9	25889	1.527	0.063384	CATSPER4
64793	1	26560644	26605529	135	11	25930	0.14791	0.44121	CEP85
83442	1	26606213	26608013	4	2	26021	0.56228	0.28696	SH3BGRL3
91544	1	26608773	26644756	123	10	25939	-0.021197	0.50846	UBXN11
1043	1	26644411	26647014	12	3	26021	-0.28947	0.61389	CD52
55057	1	26648350	26680621	98	13	25158	0.13738	0.44537	CRYBG2
257101	1	26688125	26701023	44	7	25837	0.23186	0.40832	ZNF683
79727	1	26737269	26756219	32	9	25046	0.85005	0.19765	LIN28A
79947	1	26758773	26797797	51	11	25433	-0.29899	0.61753	DHDDS
3151	1	26798902	26803133	6	2	26021	-0.13108	0.55214	HMGN2
6195	1	26856249	26901520	88	10	25570	0.46953	0.31935	RPS6KA1
101928728	1	27018623	27022896	8	2	25998	0.51041	0.30488	LOC101928728
8289	1	27022522	27108601	100	5	25310	0.41174	0.34027	ARID1A
55650	1	27113739	27124894	13	3	25296	0.20918	0.41715	PIGV
84243	1	27153201	27184092	38	5	24554	-0.33836	0.63246	ZDHHC18
2810	1	27189633	27190947	1	1	26021	-1.8663	0.969	SFN
54707	1	27205872	27216869	14	3	24487	-0.67346	0.74967	GPN2
63906	1	27216979	27226962	11	4	23931	-1.2628	0.89666	GPATCH3
8431	1	27237975	27240567	3	1	26021	-1.343	0.91036	NR0B2
10726	1	27248187	27273362	28	5	24301	-1.4223	0.92253	NUDC
126695	1	27276047	27286901	12	3	25626	-0.9135	0.81951	KDF1
388610	1	27320189	27327377	5	2	23511	-1.099	0.86412	TRNP1
115572	1	27331511	27339333	7	2	22097	-1.2203	0.88882	TENT5B
6548	1	27425300	27481621	46	3	24031	-0.24073	0.59512	SLC9A1
23038	1	27561007	27635124	100	10	23527	0.11038	0.45606	WDTC1
84065	1	27648636	27662891	27	6	24628	1.0039	0.15771	TMEM222
84958	1	27668483	27680423	23	6	23875	1.3463	0.089107	SYTL1
9064	1	27681670	27693558	17	5	22129	1.3046	0.096022	MAP3K6
8547	1	27695601	27701315	4	2	22075	1.8581	0.031579	FCN3
388611	1	27705596	27709823	2	1	24335	-1.4307	0.92374	CD164L2
2827	1	27719148	27722318	1	1	18319	-0.67418	0.7499	GPR3
10163	1	27730734	27816678	90	2	24971	-0.64579	0.74079	WASF2
27245	1	27860756	27930463	47	5	23388	-1.3322	0.9086	AHDC1
2268	1	27938800	27961727	27	3	21117	-0.47836	0.6838	FGR
199870	1	28052490	28089426	55	2	18516	1.9745	0.024163	FAM76A
23673	1	28099694	28150963	25	2	19318	0.89019	0.18668	STX12
5511	1	28157252	28178183	17	2	20639	0.064921	0.47412	PPP1R8
9473	1	28199055	28213196	43	7	24252	-0.82019	0.79395	THEMIS2
6118	1	28218035	28241255	48	3	25416	-0.092159	0.53671	RPA2
27293	1	28261456	28285663	65	8	25529	0.44835	0.32695	SMPDL3B
55113	1	28286504	28294604	12	5	22122	0.75184	0.22607	XKR8
2140	1	28296855	28415173	175	13	23708	0.98067	0.16338	EYA3
5724	1	28473677	28520447	39	6	25238	0.70224	0.24126	PTAFR
22826	1	28526789	28559542	82	9	24417	0.89764	0.18469	DNAJC8
93974	1	28562602	28564616	5	2	26021	0.52999	0.29806	ATP5IF1
83667	1	28585963	28609002	39	7	23027	1.2337	0.10865	SESN2
54797	1	28655513	28662478	3	1	20189	-0.24463	0.59663	MED18
65979	1	28696093	28826881	370	8	24635	0.93444	0.17504	PHACTR4
1104	1	28832455	28865708	63	6	24191	0.61717	0.26856	RCC1
54952	1	28879529	28905057	31	4	24623	1.5546	0.060017	TRNAU1AP
115273	1	28918712	28921098	2	1	22708	0.72117	0.2354	RAB42
6883	1	28929608	28975416	46	6	24645	1.1399	0.12717	TAF12
10691	1	28995234	29042115	60	5	25653	1.0403	0.14909	GMEB1
51441	1	29063133	29096287	48	6	25641	1.0932	0.13715	YTHDF2
4985	1	29138654	29190208	166	18	25550	1.2373	0.10799	OPRD1
2035	1	29213603	29446558	381	19	25365	1.1604	0.12295	EPB41
399474	1	29445937	29450421	10	3	25148	0.17533	0.43041	TMEM200B
6429	1	29474250	29508637	60	11	25675	0.99076	0.1609	SRSF4
51102	1	29519385	29557460	83	12	25698	0.50488	0.30682	MECR
10076	1	29563028	29653325	209	28	24328	1.6387	0.050642	PTPRU
4146	1	31184124	31196432	34	3	25758	-0.3574	0.6396	MATN1
7805	1	31205315	31230683	45	10	25346	-1.461	0.928	LAPTM5
9672	1	31342313	31381480	77	19	21784	1.0478	0.14736	SDC3
9698	1	31404353	31538838	225	16	25364	2.9234	0.0017313	PUM1
79570	1	31652592	31712734	236	15	25513	-1.831	0.96645	NKAIN1
9410	1	31732415	31769644	94	6	25468	-0.61782	0.73165	SNRNP40
51538	1	31769832	31838569	138	7	25677	-0.66444	0.74679	ZCCHC17
2170	1	31838100	31845923	10	4	23769	-0.68336	0.75281	FABP3
347735	1	31882412	31907527	44	3	24301	-0.44186	0.6707	SERINC2
64129	1	32042086	32053290	8	4	18868	1.2293	0.10948	TINAGL1
3061	1	32083290	32093214	24	4	25359	-0.80399	0.7893	HCRTR1
553115	1	32095463	32110838	23	3	25370	-0.71325	0.76216	PEF1
1307	1	32117848	32169768	84	13	24593	-0.91561	0.82007	COL16A1
576	1	32192718	32230494	34	6	20587	0.39281	0.34723	ADGRB2
90853	1	32256023	32281630	40	9	22522	0.14044	0.44416	SPOCD1
8073	1	32372022	32403988	38	7	24124	-1.5706	0.94186	PTP4A2
10657	1	32479295	32526460	12	6	19151	-0.034694	0.51384	KHDRBS1
55116	1	32538503	32568467	28	2	23732	-0.88951	0.81313	TMEM39B
23633	1	32573644	32642169	57	4	24355	-0.76356	0.77743	KPNA6
200081	1	32645293	32663886	18	3	23705	-0.76501	0.77787	TXLNA
79140	1	32666202	32670991	1	1	20852	-0.69956	0.7579	CCDC28B
55721	1	32671236	32674288	5	1	23689	-0.50085	0.69176	IQCC
149069	1	32674695	32681797	8	3	22379	-1.179	0.88079	DCDC2B
56063	1	32680040	32687954	10	3	22451	-0.79027	0.78531	TMEM234
8668	1	32687971	32697205	9	1	26021	-0.32325	0.62675	EIF3I
84734	1	32712818	32714461	1	1	25152	-0.77456	0.7807	FAM167B
3932	1	32716840	32751766	18	6	21532	-2.982	0.99857	LCK
3065	1	32757708	32799227	9	5	21225	-1.1718	0.87937	HDAC1
81629	1	32818365	32830098	3	2	16994	-1.2229	0.88932	TSSK3
55108	1	32830704	32860062	5	3	21311	0.060928	0.47571	BSDC1
728116	1	32930658	32953460	6	2	18206	-1.9884	0.97662	ZBTB8B
653121	1	33004772	33071542	141	5	24756	-0.47543	0.68276	ZBTB8A
339487	1	33086421	33116565	61	3	23039	-1.4792	0.93046	ZBTB8OS
5928	1	33116749	33151812	71	3	24074	-1.4996	0.93315	RBBP4
81493	1	33145507	33168361	50	3	24412	-1.056	0.85451	SYNC
57648	1	33207492	33240571	39	9	22866	0.75719	0.22447	KIAA1522
8565	1	33240840	33283633	72	8	20814	0.44769	0.32719	YARS1
64766	1	33282368	33324480	52	7	20220	-0.19958	0.5791	S100PBP
252995	1	33327869	33338093	9	3	21270	0.40436	0.34297	FNDC5
3208	1	33351688	33360247	8	2	21649	0.39448	0.34662	HPCA
113452	1	33360196	33367041	8	2	17587	-0.7336	0.7684	TMEM54
127544	1	33402050	33430467	48	6	23934	1.8416	0.032767	RNF19B
204	1	33473541	33502512	29	3	24540	3.3163	0.00045615	AK2
113451	1	33546711	33586132	29	4	23314	2.232	0.012808	AZIN2
55223	1	33611000	33647671	67	3	25427	1.2252	0.11025	TRIM62
149076	1	33721908	33766321	72	9	24959	-1.3136	0.90552	ZNF362
127550	1	33772367	33786699	41	8	25143	-2.0024	0.97738	A3GALT2
1912	1	33789224	33841194	137	15	24984	-0.68407	0.75303	PHC2
7579	1	33938232	33962105	48	5	25398	-0.92418	0.8223	ZSCAN20
114784	1	33979609	34631443	1641	121	24455	0.80042	0.21173	CSMD2
127540	1	34326076	34330392	7	3	24782	0.33153	0.37012	HMGB4
84970	1	34632624	34684732	161	19	24112	-2.3315	0.99014	C1orf94
2709	1	35220648	35224113	8	3	20413	-1.1851	0.88201	GJB5
127534	1	35225342	35229325	10	4	20356	-1.2918	0.90179	GJB4
2707	1	35246790	35251967	12	4	20035	0.68496	0.24668	GJB3
2701	1	35258559	35261351	10	3	20290	0.84294	0.19963	GJA4
113444	1	35315963	35325417	17	7	19873	1.1464	0.12582	SMIM12
58512	1	35331037	35391083	79	18	22682	0.66487	0.25307	DLGAP3
100506144	1	35447127	35450948	6	1	17811	-0.602	0.72641	TMEM35B
9204	1	35451766	35497569	70	2	18627	-0.32744	0.62833	ZMYM6
79830	1	35525387	35581460	26	2	22888	-1.0005	0.84147	ZMYM1
6421	1	35641981	35658766	21	1	17932	-1.2695	0.89786	SFPQ
9202	1	35734444	35887545	74	5	18096	-0.12201	0.54855	ZMYM4
79932	1	35899091	36023037	63	5	18381	-0.49513	0.68975	KIAA0319L
23154	1	36023311	36032380	1	1	15359	0.38343	0.3507	NCDN
339488	1	36038971	36060929	3	1	21343	0.048371	0.48071	TFAP2E
5690	1	36040259	36107445	7	2	19622	-0.57241	0.71648	PSMB2
127703	1	36179477	36184790	5	2	24017	-0.60462	0.72728	C1orf216
63967	1	36185819	36235568	38	3	23867	-0.4559	0.67577	CLSPN
192670	1	36273231	36323491	40	5	23439	-0.20402	0.58083	AGO4
26523	1	36335412	36395211	30	3	22538	-0.28885	0.61365	AGO1
192669	1	36396364	36522360	65	3	20790	0.1106	0.45597	AGO3
27285	1	36549676	36553877	2	1	24057	1.2529	0.10512	TEKT2
54936	1	36554453	36559533	2	1	24669	1.1686	0.12129	ADPRS
1296	1	36560840	36591305	48	6	24529	2.4534	0.0070761	COL8A2
27095	1	36602170	36621654	20	2	24621	1.2784	0.10055	TRAPPC3
55700	1	36621751	36646450	18	2	24703	-0.085252	0.53397	MAP7D1
9967	1	36690017	36770958	66	3	18470	0.77143	0.22023	THRAP3
79729	1	36771889	36793544	18	3	20737	0.44687	0.32748	SH3D21
55194	1	36787631	36790567	2	1	26021	-0.016348	0.50652	EVA1B
84967	1	36859031	36863493	27	3	25278	-0.40638	0.65777	LSM10
127700	1	36883507	36916086	126	5	25805	0.90275	0.18333	OSCP1
64960	1	36921362	36930040	34	5	26021	1.2477	0.10607	MRPS15
1441	1	36931644	36948915	42	10	22911	1.279	0.10045	CSF3R
2899	1	37261128	37499844	354	31	23146	1.2369	0.10806	GRIK3
80149	1	37940119	37949978	13	5	25124	-1.2466	0.89373	ZC3H12A
64769	1	37955561	37980420	76	12	25936	0.66696	0.2524	MEAF6
79753	1	38000050	38019945	45	10	25144	0.64189	0.26047	SNIP1
7802	1	38022520	38032458	28	7	24916	1.2164	0.11191	DNALI1
29889	1	38032413	38061586	67	11	24942	0.81455	0.20766	GNL2
284654	1	38076821	38100595	64	12	25505	1.2397	0.10754	RSPO1
54955	1	38147242	38158007	42	4	25788	3.2434	0.00059054	C1orf109
55143	1	38158073	38175391	47	8	25259	2.1307	0.016558	CDCA8
284656	1	38181646	38230824	184	19	25314	2.5545	0.0053169	EPHA10
149175	1	38259721	38267278	7	3	24394	0.64555	0.25929	MANEAL
79693	1	38268614	38273865	7	2	25778	-0.019137	0.50763	YRDC
4520	1	38275239	38325292	71	12	23851	0.10056	0.45995	MTF1
3633	1	38326369	38412729	165	15	23091	0.18141	0.42802	INPP5B
10946	1	38422647	38456019	71	6	20871	0.44938	0.32658	SF3A3
2275	1	38462439	38471199	7	4	21266	1.1757	0.11986	FHL3
51118	1	38478384	38490497	15	5	24101	-0.048676	0.51941	UTP11
64121	1	39303869	39325495	51	10	23274	-0.68937	0.7547	RRAGC
26292	1	39328162	39339050	16	5	23735	-0.89919	0.81572	MYCBP
81025	1	39339739	39347298	25	5	24091	-0.75615	0.77522	GJA9
54933	1	39350614	39407456	179	22	24495	-0.63003	0.73566	RHBDL2
79647	1	39456916	39471737	47	5	25360	1.6618	0.048281	AKIRIN1
4725	1	39491967	39500308	32	4	25508	2.4116	0.0079415	NDUFS5
23499	1	39549839	39952810	689	26	24532	1.5495	0.060634	MACF1
643314	1	39875176	39882154	11	4	25438	1.0433	0.1484	
353500	1	39957318	39995541	90	15	24479	0.041812	0.48332	BMP8A
8761	1	40026485	40042522	33	8	25166	1.097	0.13632	PABPC4
26508	1	40089103	40105348	38	14	23992	0.1531	0.43916	HEYL
84618	1	40124793	40137710	17	6	25571	0.89556	0.18524	NT5C1A
51440	1	40144320	40157382	74	12	25497	1.2027	0.11454	HPCAL4
10450	1	40204517	40229586	58	8	22736	-1.5229	0.93611	PPIE
656	1	40223903	40254533	117	15	22334	-1.8789	0.96987	BMP8B
64064	1	40235197	40237020	2	1	24829	0.20343	0.4194	OXCT2
101929536	1	40254654	40255843	8	2	22230	-1.994	0.97693	LOC101929536
54802	1	40306703	40349177	112	11	24770	0.90313	0.18323	TRIT1
4610	1	40361096	40367687	11	5	23974	0.098955	0.46059	MYCL
84879	1	40420784	40435630	9	4	23632	0.092654	0.46309	MFSD2A
10487	1	40505912	40538321	106	7	25735	-0.9481	0.82846	CAP1
5538	1	40538382	40563142	89	10	25648	0.11191	0.45545	PPT1
6018	1	40627041	40706593	77	10	25277	-0.32999	0.6293	RLF
127391	1	40713573	40717365	4	2	24522	0.96833	0.16644	TMCO2
10269	1	40723722	40759856	34	7	25489	0.10557	0.45796	ZMPSTE24
1298	1	40766162	40782939	58	8	23347	1.3067	0.095662	COL9A2
64744	1	40839378	40888998	110	18	25386	-0.75567	0.77508	SMAP2
65243	1	40915774	40929390	45	12	25448	0.40372	0.34321	ZFP69B
339559	1	40943043	40962015	46	9	25105	-1.0011	0.84161	ZFP69
64789	1	40974391	40982228	27	6	25998	-0.51528	0.69682	EXO5
127396	1	40997233	41013841	54	7	25190	-0.61478	0.73065	ZNF684
9783	1	41086352	41131324	111	15	25510	-0.17418	0.56914	RIMS3
4802	1	41157242	41237275	184	15	25651	0.38233	0.35111	NFYC
9132	1	41249684	41306124	172	35	24330	0.91654	0.17969	KCNQ4
163732	1	41326728	41328018	9	2	20725	1.0897	0.13793	CITED4
1503	1	41445007	41478237	89	18	25075	2.1587	0.015438	CTPS1
200172	1	41481269	41489116	30	8	25115	2.9269	0.0017116	SLFNL1
22955	1	41492871	41707815	534	20	25245	2.9105	0.0018044	SCMH1
100132074	1	41827328	41849263	59	11	25207	0.8854	0.18797	FOXO6
1907	1	41944446	41950348	14	3	26021	-1.1564	0.87625	EDN2
59269	1	41972036	42501596	1258	51	25216	-1.3737	0.91523	HIVEP3
2981	1	42619092	42621495	7	3	25930	0.92634	0.17714	GUCA2B
2980	1	42628362	42630395	3	2	25312	-0.64673	0.7411	GUCA2A
22887	1	42642210	42801548	259	9	25545	1.0878	0.13834	FOXJ3
284716	1	42846468	42889900	141	8	25932	2.0579	0.019798	RIMKLA
84217	1	42896000	42921938	85	8	25752	0.96225	0.16796	ZMYND12
79717	1	42921968	42939088	32	4	25526	0.8777	0.19005	PPCS
728621	1	43000560	43120335	350	17	25607	1.108	0.13394	CCDC30
10465	1	43123706	43142429	30	6	25781	1.3199	0.09343	PPIH
4904	1	43148060	43168024	32	9	24614	1.2496	0.10572	YBX1
149461	1	43198764	43205925	18	5	25250	0.70552	0.24024	CLDN19
64175	1	43212006	43232755	41	8	25848	0.78857	0.21518	P3H1
79078	1	43232916	43241413	13	4	25061	-1.7018	0.95561	C1orf50
100129924	1	43253661	43264227	12	5	23459	-0.26484	0.60443	TMEM269
374969	1	43272723	43283059	21	4	25753	0.04217	0.48318	SVBP
114625	1	43282776	43310660	42	9	25461	-1.1746	0.87992	ERMAP
51058	1	43312244	43318148	4	2	25591	-0.65825	0.74481	ZNF691
6513	1	43391046	43424847	112	13	24507	-0.49989	0.69142	SLC2A1
440585	1	43610800	43622067	42	7	25485	-0.52217	0.69922	CFAP144
10969	1	43629845	43638241	32	3	25302	0.076465	0.46952	EBNA1BP2
149465	1	43638001	43720029	293	22	25047	0.0025496	0.49898	CFAP57
128218	1	43735665	43739673	6	3	22099	0.48063	0.31539	TMEM125
149466	1	43747554	43751334	5	2	25505	-0.21138	0.5837	C1orf210
7075	1	43766566	43788781	30	4	23999	0.59666	0.27537	TIE1
4352	1	43803475	43820135	12	3	25298	1.1352	0.12814	MPL
991	1	43824626	43828874	5	3	24374	0.77015	0.2206	CDC20
64834	1	43829068	43833745	2	1	23422	1.0416	0.14879	ELOVL1
112950	1	43849579	43855483	4	2	23039	0.10671	0.45751	MED8
23334	1	43855556	43919918	85	7	25240	-0.053918	0.5215	SZT2
81888	1	43916674	43919938	4	2	25717	-0.88504	0.81193	HYI
5792	1	43991708	44089343	224	15	25484	-0.15633	0.56211	PTPRF
9682	1	44115797	44171189	69	9	25271	-1.0481	0.85271	KDM4A
6487	1	44173204	44396837	476	22	25441	1.1463	0.12583	ST3GAL3
9048	1	44398992	44402912	9	3	25775	-0.24939	0.59847	ARTN
9670	1	44412478	44433694	32	5	25349	0.25455	0.39953	IPO13
1802	1	44435653	44439043	3	1	26021	0.2933	0.38465	DPH2
533	1	44440118	44443972	7	3	24640	-0.14528	0.55776	ATP6V0B
8704	1	44444874	44456843	19	5	24292	0.30083	0.38177	B4GALT2
149473	1	44457280	44462200	8	4	23225	0.63224	0.26362	CCDC24
6536	1	44462155	44497171	61	12	24117	0.62052	0.26746	SLC6A9
128209	1	44513987	44600812	341	23	25561	-1.308	0.90456	KLF17
55929	1	44679104	44686351	11	4	25045	-0.42685	0.66526	DMAP1
79033	1	44686742	44821315	186	17	24675	-0.66652	0.74746	ERI3
55182	1	44870837	45117396	594	65	23222	0.47874	0.31606	RNF220
79639	1	45118920	45140253	42	4	25635	-0.27292	0.60754	TMEM53
339541	1	45140370	45191263	58	15	23267	1.2578	0.10423	ARMH1
11004	1	45205396	45233439	46	6	25189	0.68335	0.24719	KIF2C
6202	1	45241213	45244427	2	1	26021	0.79663	0.21283	RPS8
266675	1	45247831	45253648	5	1	26021	0.47557	0.31719	BEST4
1263	1	45265638	45271667	8	2	26021	0.581	0.28062	PLK3
343521	1	45271580	45273378	2	1	26021	0.48913	0.31237	DYNLT4
149478	1	45273373	45279801	13	3	24919	0.83033	0.20317	BTBD19
8643	1	45285516	45309226	40	4	25701	0.62111	0.26726	PTCH2
8891	1	45316194	45452394	325	9	25478	0.20967	0.41696	EIF2B3
79654	1	45468220	45477027	17	3	25373	0.45197	0.32564	HECTD3
7389	1	45477805	45481341	5	2	26021	0.98317	0.16276	UROD
57643	1	45482071	45672250	307	15	25029	2.6134	0.0044828	ZSWIM5
4595	1	45794914	45806142	16	6	22604	0.30144	0.38154	MUTYH
114034	1	45805342	45809650	4	2	24402	-0.26545	0.60467	TOE1
10420	1	45809555	45956840	206	12	25595	1.1455	0.12599	TESK2
25974	1	45965856	45976739	15	3	25442	2.052	0.020083	MMACHC
5052	1	45976707	45988562	34	4	25740	2.0374	0.020803	PRDX1
10327	1	46016455	46035723	34	5	25093	2.3252	0.01003	AKR1A1
4678	1	46049660	46084578	40	4	24974	1.3786	0.084006	NASP
149483	1	46085716	46090424	11	2	25444	1.3802	0.08376	CCDC17
60313	1	46092976	46153782	106	4	25580	1.2148	0.11223	GPBP1L1
51249	1	46153847	46160110	11	2	25356	0.98691	0.16184	TMEM69
3652	1	46159996	46216485	108	5	25372	1.0742	0.14137	IPP
23139	1	46269269	46501796	430	10	25452	2.1801	0.014624	MAST2
8503	1	46505812	46642167	215	15	25425	2.3612	0.0091083	PIK3R3
10103	1	46640749	46651634	11	4	24089	0.86222	0.19428	TSPAN1
55624	1	46654353	46685977	44	8	25290	0.35716	0.36049	POMGNT1
541468	1	46669006	46686928	23	8	24693	0.10082	0.45985	LURAP1
8438	1	46713367	46744145	33	9	25044	0.27683	0.39095	RAD54L
10489	1	46744072	46769038	20	7	24550	0.10151	0.45957	LRRC41
7388	1	46769324	46782448	25	9	24740	-0.059359	0.52367	UQCRH
387338	1	46805849	46830824	184	3	25877	0.67628	0.24943	NSUN4
2166	1	46859939	46879520	28	6	25433	1.3821	0.083472	FAAH
127343	1	46972668	46979898	19	5	25958	1.8854	0.029685	DMBX1
148930	1	47011316	47016887	14	4	25796	1.3636	0.086353	KNCN
8569	1	47023079	47069966	92	12	25069	0.64831	0.25839	MKNK1
148932	1	47073387	47082563	18	2	25932	1.3003	0.096748	MOB3C
64756	1	47100711	47134099	59	3	25213	-0.14355	0.55707	ATPAF1
374973	1	47137497	47139266	3	1	26021	0.47642	0.31689	TEX38
9813	1	47140831	47184792	75	5	25511	0.62867	0.26478	EFCAB14
1580	1	47264670	47285021	66	9	24887	1.4782	0.06968	CYP4B1
1579	1	47394846	47407156	36	4	25593	0.28792	0.3867	CYP4A11
260293	1	47427036	47516423	163	13	24919	-1.2287	0.8904	CYP4X1
199974	1	47533160	47583992	165	5	25398	-1.9485	0.97432	CYP4Z1
284541	1	47603107	47614528	43	5	25305	-2.249	0.98774	CYP4A22
10158	1	47649261	47655771	13	6	24706	-0.98864	0.83858	PDZK1IP1
6886	1	47681962	47697938	31	6	25579	0.18479	0.4267	TAL1
6491	1	47715811	47779819	149	8	25737	0.49823	0.30916	STIL
51727	1	47799469	47844511	103	9	25324	0.36952	0.35587	CMPK1
2301	1	47881744	47883724	3	2	26021	-0.57027	0.71575	FOXE3
2306	1	47901689	47906363	6	2	24985	-0.27357	0.60779	FOXD2
388630	1	48226200	48463009	555	28	25560	-0.31693	0.62435	TRABD2B
200010	1	48688339	48714316	43	9	25728	1.3216	0.093159	SLC5A9
54558	1	48761044	48937876	300	23	25502	0.73749	0.23041	SPATA6
84871	1	48998527	50489626	1921	47	25186	0.12885	0.44874	AGBL4
79656	1	49193538	49242547	73	12	25223	-0.29881	0.61746	BEND5
1996	1	50513686	50669442	145	20	24049	-0.31332	0.62298	ELAVL4
63950	1	50883223	50889119	1	1	14097	-0.84126	0.7999	DMRTA2
11124	1	50906935	51425936	567	16	23299	1.0873	0.13846	FAF1
1031	1	51434367	51440309	7	2	25954	1.1933	0.11638	CDKN2C
284546	1	51442129	51613754	283	17	25210	1.0674	0.1429	C1orf185
26994	1	51701945	51739119	34	4	22040	-0.10124	0.54032	RNF11
22996	1	51752930	51810785	86	15	23332	0.84822	0.19816	TTC39A
2060	1	51819935	51985026	484	20	24239	-0.20074	0.57955	EPS15
114883	1	52082546	52254891	168	12	21758	-0.85452	0.80359	OSBPL9
4898	1	52254864	52344609	128	15	23394	-0.31065	0.62197	NRDC
5865	1	52373628	52456436	144	15	24451	0.34512	0.365	RAB3B
51060	1	52485803	52521843	50	4	22990	0.65185	0.25725	TXNDC12
112970	1	52497777	52499472	5	2	21815	0.90135	0.1837	KTI12
91408	1	52521857	52556388	31	4	21891	0.48645	0.31332	BTF3L4
9372	1	52607678	52812358	174	9	24111	-0.36558	0.64266	ZFYVE9
200014	1	52816265	52831877	11	3	22371	-0.83732	0.79879	CC2D1B
4998	1	52838501	52870143	20	4	23022	-0.75429	0.77466	ORC1
84950	1	52870219	52883992	5	1	19761	0.088932	0.46457	PRPF38A
23318	1	52888947	53018764	167	12	22117	-0.34762	0.63594	TUT4
2882	1	53068043	53074723	20	5	25494	0.71754	0.23652	GPX7
348378	1	53098961	53133252	67	13	24652	0.66053	0.25446	SHISAL2A
65260	1	53152014	53164038	20	3	25027	2.0729	0.019093	COA7
79699	1	53192126	53293014	231	14	23893	1.8844	0.029755	ZYG11B
440590	1	53308183	53360247	110	6	25233	1.3678	0.085685	ZYG11A
55268	1	53361582	53392846	27	5	24906	0.55919	0.28802	ECHDC2
6342	1	53392901	53517289	425	14	25461	0.55015	0.29111	SCP2
127435	1	53527724	53551174	110	12	24991	-0.69911	0.75776	PODN
6512	1	53552855	53608304	283	29	25085	-0.67295	0.74951	SLC1A7
1376	1	53662101	53679869	24	4	25533	1.2777	0.10068	CPT2
54987	1	53679771	53686289	10	2	25046	0.75795	0.22424	CZIB
4116	1	53692564	53704282	20	4	24428	1.0869	0.13854	MAGOH
7804	1	53708036	53793821	164	22	24355	0.53379	0.29674	LRP8
63948	1	53925072	53933158	24	5	24259	-1.1077	0.86599	DMRTB1
148979	1	53971904	54203748	499	29	25517	-0.042384	0.5169	GLIS1
55706	1	54231133	54304225	99	6	25395	-0.36915	0.64399	NDC1
54432	1	54317392	54355487	108	8	25409	-0.17603	0.56986	YIPF1
1733	1	54359860	54376763	64	9	24992	-0.046963	0.51873	DIO1
51668	1	54387234	54411975	39	5	24194	-0.47682	0.68326	IFT25
115353	1	54411999	54433841	22	4	24627	0.43791	0.33072	LRRC42
388633	1	54472971	54483859	29	4	25869	0.33151	0.37013	LDLRAD1
9528	1	54497346	54519135	26	6	24250	-0.19308	0.57655	TMEM59
127428	1	54519274	54565416	71	8	25046	-0.65575	0.74401	TCEANC2
200008	1	54604668	54618679	71	13	23820	-0.40957	0.65894	CDCP2
606495	1	54638009	54665746	36	11	22354	-0.3538	0.63825	CYB5RL
51253	1	54665840	54691407	63	10	20120	2.3338	0.0098018	MRPL37
23648	1	54691104	54872068	427	58	23329	0.75264	0.22583	SSBP3
26027	1	55007930	55100417	344	28	23646	-0.84742	0.80162	ACOT11
338094	1	55074850	55089200	46	12	24592	-0.092769	0.53696	FAM151A
374977	1	55107427	55175939	213	31	25187	0.30621	0.37972	MROH7
7268	1	55181495	55208330	151	4	25722	1.4894	0.068186	TTC4
25973	1	55222571	55230226	26	6	24588	0.048607	0.48062	PARS2
55001	1	55246752	55266941	52	9	23532	1.022	0.1534	TTC22
163747	1	55271736	55307937	145	9	25822	0.31442	0.3766	LEXM
1718	1	55315300	55352921	119	12	25193	0.69923	0.2422	DHCR24
199964	1	55446271	55457966	36	2	25630	1.0247	0.15274	TMEM61
7809	1	55464617	55474465	18	4	23818	0.91241	0.18078	BSND
255738	1	55505149	55530526	95	17	24241	1.5642	0.05889	PCSK9
23358	1	55532032	55681039	208	13	25511	2.0796	0.018783	USP24
8613	1	56960419	57045257	249	32	25443	1.6373	0.050787	PLPP3
5563	1	57110990	57181008	244	15	24826	-0.84881	0.80201	PRKAA2
199920	1	57184477	57285369	289	33	24196	-0.3221	0.62631	FYB2
731	1	57320443	57383894	188	23	24463	0.20123	0.42026	C8A
732	1	57394883	57433213	116	20	24855	0.050086	0.48003	C8B
1600	1	57460453	58716211	3465	188	25156	0.55999	0.28774	DAB1
115209	1	58881052	59012469	519	34	25467	0.60199	0.27359	OMA1
4070	1	59041095	59043166	11	3	26021	-1.0872	0.86153	TACSTD2
114803	1	59120411	59165747	161	9	25864	1.4712	0.070614	MYSM1
3725	1	59246463	59249785	1	1	26021	-1.9366	0.9736	JUN
55277	1	59762625	60228402	968	55	24927	-1.1946	0.88389	FGGY
51361	1	60280458	60342050	101	13	24507	-0.8088	0.79068	HOOK1
1573	1	60358980	60392445	65	10	24186	-1.5247	0.93633	CYP2J2
127795	1	60456066	60539442	173	28	25350	-0.39104	0.65212	C1orf87
4774	1	61542946	61928460	808	85	23397	0.0027938	0.49889	NFIA
83941	1	62146718	62191095	89	8	24520	-0.10358	0.54125	TM2D1
10207	1	62208149	62629592	1193	76	24301	-0.11625	0.54627	PATJ
54596	1	62660474	62678000	121	18	25961	2.1735	0.014873	L1TD1
163782	1	62701837	62785083	349	24	25327	1.0596	0.14467	KANK4
7398	1	62901975	62917475	25	2	25462	0.67552	0.24967	USP1
85440	1	62920397	63154039	273	6	24863	0.95349	0.17017	DOCK7
27329	1	63063158	63071976	1	1	18971	-0.23578	0.5932	ANGPTL3
84938	1	63249777	63330941	159	9	25048	1.6476	0.04972	ATG4C
27022	1	63788730	63790797	2	1	23323	-1.9334	0.9734	FOXD3
29929	1	63833261	63904233	147	15	25256	-0.53976	0.70532	ALG6
23421	1	63906441	63988944	178	12	25199	-0.88699	0.81246	ITGB3BP
84455	1	63989013	64051041	135	11	24913	-1.0784	0.85957	EFCAB7
5236	1	64058947	64125916	181	29	23909	0.11427	0.45451	PGM1
4919	1	64239690	64647181	885	63	25065	0.48609	0.31345	ROR1
148581	1	64669135	64732969	153	14	25541	-0.83119	0.79707	UBE2U
57685	1	64936476	65158741	400	49	22797	-0.25746	0.60159	CACHD1
55225	1	65210778	65298915	149	14	25836	0.92263	0.1781	RAVER2
3716	1	65298906	65432593	327	22	25722	1.0188	0.15416	JAK1
205	1	65613232	65697828	180	14	25493	0.34634	0.36454	AK4
9829	1	65720133	65881552	410	24	25463	1.7292	0.041884	DNAJC6
54741	1	65886131	66107242	630	23	25147	1.7902	0.036707	LEPROT
3953	1	65886335	66103176	614	24	25166	1.8529	0.031949	LEPR
5142	1	66258193	66840262	1404	71	25217	4.4787	3.7553e-06	PDE4B
84251	1	66999066	67210768	729	25	25630	1.914	0.027812	SGIP1
200132	1	67217978	67244730	74	9	25652	1.7324	0.0416	DYNLT5
10022	1	67263424	67266942	7	2	25502	-1.7231	0.95756	INSL5
79819	1	67278568	67390907	202	23	23969	0.90381	0.18305	DNAI4
57708	1	67390578	67454302	129	11	25429	1.5587	0.059532	MIER1
23169	1	67465015	67520080	156	12	25727	1.4402	0.074912	SLC35D1
400757	1	67557859	67600654	180	15	25746	0.35955	0.35959	C1orf141
149233	1	67604590	67725662	310	23	25666	-0.92328	0.82207	IL23R
3595	1	67773047	67862583	245	19	24156	0.68833	0.24562	IL12RB2
26135	1	67873493	67896123	22	5	25141	0.99998	0.15866	SERBP1
1647	1	68150860	68154021	7	2	26021	1.6576	0.0487	GADD45A
55970	1	68167149	68299436	275	23	25537	2.5059	0.0061076	GNG12
9077	1	68511645	68517314	6	1	22982	-0.40433	0.65701	DIRAS3
79971	1	68564142	68698284	510	55	25008	1.2988	0.096998	WLS
6121	1	68894507	68915642	60	9	25613	0.20403	0.41916	RPE65
55635	1	68939835	68962799	59	7	25835	-0.12974	0.55161	DEPDC1
57554	1	70033230	70589171	1488	57	25565	1.9359	0.026437	LRRC7
55631	1	70610485	70671361	72	7	25216	-0.31321	0.62294	LRRC40
9295	1	70671365	70717703	49	5	24719	0.19211	0.42383	SRSF11
81573	1	70724685	70820471	125	14	24800	0.30857	0.37882	ANKRD13C
11147	1	70820493	70833706	21	4	22012	0.63513	0.26267	HHLA3
1491	1	70876901	70905534	63	13	22019	0.36391	0.35796	CTH
5733	1	71318036	71513497	579	39	25569	-0.13687	0.55443	PTGER3
9406	1	71528974	71546972	26	6	24942	0.51159	0.30447	ZRANB2
257194	1	71868625	72748533	1732	79	24783	3.5364	0.00020283	NEGR1
127255	1	74491699	74663871	263	11	25233	-1.8898	0.97061	LRRIQ3
8790	1	74663896	74674533	34	2	25872	-0.54202	0.7061	FPGT
100526835	1	74663896	75010116	552	35	24685	0.086919	0.46537	FPGT-TNNI3K
51086	1	74701071	75010116	463	35	24606	0.30347	0.38077	TNNI3K
127254	1	75033795	75139422	131	12	24957	-1.0725	0.85825	ERICH3
1429	1	75171170	75199092	77	14	24716	0.17881	0.42904	CRYZ
127253	1	75198836	75232361	108	13	25499	0.49846	0.30908	TYW3
431707	1	75594119	75627218	54	9	23213	-0.062977	0.52511	LHX8
204962	1	75667816	76081698	981	34	25618	0.91076	0.18121	SLC44A5
34	1	76190043	76229355	151	12	25558	1.3491	0.08865	ACADM
5876	1	76251879	76260775	18	5	25351	0.34224	0.36608	RABGGTB
4438	1	76262556	76379581	452	22	25265	0.36284	0.35836	MSH4
127247	1	76384558	76398116	52	9	25779	0.10054	0.45996	ASB17
256435	1	76540389	77100311	1586	120	24889	-0.48547	0.68633	ST6GALNAC3
81849	1	77333126	77533223	442	30	24707	-0.094945	0.53782	ST6GALNAC5
10026	1	77554666	77685132	318	17	24942	-0.14411	0.55729	PIGK
26289	1	77747662	78025654	997	66	25709	0.72466	0.23433	AK5
26009	1	78028160	78149119	179	18	25432	1.2799	0.10028	ZZZ3
23032	1	78161672	78225564	85	15	25384	0.80441	0.21058	USP33
374986	1	78245309	78345225	158	24	24810	0.37317	0.35451	MIGA1
91624	1	78354200	78412009	97	15	25120	0.17316	0.43126	NEXN
8880	1	78409740	78444839	63	10	25174	0.005317	0.49788	FUBP1
11080	1	78444847	78483648	88	17	25227	0.21265	0.4158	DNAJB4
54810	1	78510646	78604129	236	23	25751	-1.3099	0.90488	GIPC2
5737	1	78956728	79006386	119	11	23660	0.015118	0.49397	PTGFR
10964	1	79086067	79111830	50	10	25107	1.8212	0.034288	IFI44L
10561	1	79115477	79129763	21	5	25656	0.79836	0.21233	IFI44
64123	1	79355449	79472495	485	25	25338	0.29313	0.38471	ADGRL4
23266	1	82266082	82458107	521	33	25427	1.0732	0.1416	ADGRL2
79739	1	84335057	84464850	331	12	25401	0.8176	0.20679	TTLL7
5567	1	84543745	84704181	198	14	25163	-0.013875	0.50554	PRKACB
148418	1	84764049	84816481	62	6	23972	0.19111	0.42422	SAMD13
58511	1	84864215	84880691	63	8	25708	0.81833	0.20658	DNASE2B
80135	1	84944920	84964033	73	12	25481	1.0243	0.15285	RPF1
2787	1	84964006	84972262	26	8	25526	0.32213	0.37368	GNG5
100505741	1	84971902	85022150	155	16	25799	0.82912	0.20352	SPATA1
1486	1	85018804	85048039	73	12	25214	0.72606	0.2339	CTBS
117178	1	85109390	85156440	111	13	25400	0.49083	0.31177	SSX2IP
23566	1	85279086	85358896	257	40	24900	0.76421	0.22237	LPAR3
255231	1	85391266	85462796	246	16	25519	0.10448	0.45839	MCOLN2
55283	1	85483765	85514585	60	12	24441	2.0627	0.019568	MCOLN3
126820	1	85527993	85598821	242	30	25879	-0.025876	0.51032	DNAI3
84144	1	85623356	85667292	126	13	25568	1.0644	0.14358	SYDE2
148423	1	85715636	85725355	30	8	25665	1.9112	0.02799	C1orf52
8915	1	85731459	85742604	35	11	25635	1.7669	0.038621	BCL10
23576	1	85784168	86044046	651	44	24831	2.4252	0.0076496	DDAH1
3491	1	86046444	86049650	6	3	23688	0.94632	0.17199	CCN1
54680	1	86115106	86174116	110	15	25409	-0.69508	0.7565	ZNHIT6
255631	1	86194916	86622121	1544	53	25433	-1.2203	0.88883	COL24A1
57489	1	86812507	86862025	126	12	25620	-1.6948	0.95495	ODF2L
9635	1	86889769	86922241	159	18	25839	-0.90418	0.81705	CLCA2
1179	1	86934526	86965977	119	23	25653	1.7467	0.040343	CLCA1
22802	1	87012759	87046437	75	13	24821	-0.93863	0.82604	CLCA4
51100	1	87170253	87213867	57	7	22582	-0.83777	0.79892	SH3GLB1
9403	1	87328128	87380107	119	7	25724	2.0945	0.018106	SELENOF
9653	1	87380335	87575681	368	9	25635	2.0613	0.019638	HS2ST1
101927844	1	87678352	87717014	123	16	24732	0.47301	0.3181	LINC02801
8543	1	87794151	87814606	23	4	24522	1.3653	0.086082	LMO4
5586	1	89149876	89301938	314	6	25731	1.6472	0.049756	PKN2
2959	1	89318321	89357301	95	6	23951	1.4603	0.072101	GTF2B
56267	1	89401456	89458643	91	6	25431	2.3974	0.0082567	KYAT3
494115	1	89445139	89458643	15	6	23212	1.6915	0.045374	RBMXL1
2635	1	89472360	89488556	33	6	24021	0.84986	0.1977	GBP3
2633	1	89517987	89531043	38	7	24928	1.791	0.036651	GBP1
2634	1	89571815	89591842	53	5	25811	1.6175	0.052882	GBP2
388646	1	89597434	89641723	77	8	25169	1.4711	0.070632	GBP7
115361	1	89646831	89664633	33	4	26010	1.4858	0.068667	GBP4
115362	1	89724633	89738544	13	3	19267	1.0496	0.14695	GBP5
163351	1	89829436	89853719	80	13	25404	-1.32	0.90659	GBP6
23507	1	89989933	90063420	174	12	25564	0.23726	0.40623	LRRC8B
84230	1	90098644	90185094	144	9	25463	0.4943	0.31055	LRRC8C
55144	1	90286573	90401991	135	24	21497	-0.20694	0.58197	LRRC8D
284695	1	90460678	90494101	28	6	22752	1.8598	0.031457	ZNF326
343472	1	91177579	91182794	8	4	25978	1.318	0.093753	BARHL2
84146	1	91380855	91487812	167	12	25185	0.12929	0.44856	ZNF644
164045	1	91726323	91870426	335	19	25121	-1.3612	0.91328	HFM1
8317	1	91966338	91991321	49	10	24921	0.55095	0.29083	CDC7
7049	1	92145900	92371559	711	58	25332	-1.8732	0.96948	TGFBR3
676	1	92414928	92479985	190	12	25404	0.39075	0.34799	BRDT
253152	1	92495533	92529093	66	9	25210	0.42438	0.33564	EPHX4
284697	1	92545862	92613397	116	7	25056	1.103	0.135	BTBD8
23285	1	92632609	92650280	28	4	25660	1.6931	0.045214	
388649	1	92683573	92711367	23	3	25521	0.58216	0.28023	C1orf146
11146	1	92711955	92764566	40	4	25138	0.53049	0.29788	GLMN
79871	1	92764522	92853732	77	7	24946	1.0699	0.14233	RPAP2
2672	1	92940318	92952433	16	3	25443	0.86135	0.19452	GFI1
7813	1	92974253	93257961	534	9	25694	0.83888	0.20077	EVI5
6125	1	93297594	93307481	8	2	25008	0.96591	0.16705	RPL5
388650	1	93298286	93427079	177	6	25362	1.5153	0.064853	DIPK1A
22823	1	93544792	93604638	86	9	25586	1.5731	0.057848	MTF2
50999	1	93615299	93646246	54	7	25625	2.444	0.0072623	TMED5
343099	1	93646038	93744769	208	13	25523	2.2755	0.011438	CCDC18
1810	1	93811478	93828149	23	4	26013	2.3879	0.0084736	DR1
54874	1	93913688	94020218	90	11	24719	-0.22929	0.59068	FNBP1L
8412	1	94027343	94312706	829	27	25434	-0.62327	0.73345	BCAR3
30836	1	94335014	94345474	43	8	22477	1.2316	0.10905	DNTTIP2
2730	1	94352590	94375154	56	9	22243	-0.13364	0.55315	GCLM
24	1	94458393	94586705	425	60	24966	-0.4982	0.69083	ABCA4
9411	1	94634463	94713251	115	19	25058	0.62053	0.26745	ARHGAP29
5825	1	94883933	94984219	109	10	23431	1.5599	0.059394	ABCD3
2152	1	94994732	95007413	21	5	23616	1.1396	0.12723	F3
126969	1	95285898	95360803	273	40	24607	1.1704	0.12092	SLC44A3
1266	1	95362507	95392735	116	24	25624	0.83436	0.20204	CNN3
199857	1	95448279	95538512	231	24	25450	1.1458	0.12594	ALG14
148534	1	95582894	95663163	239	26	25698	1.0354	0.15025	TLCD4
100527978	1	95583479	95710511	379	26	25676	0.74505	0.22812	TLCD4-RWDD3
25950	1	95699711	95712781	35	9	25352	0.35436	0.36154	RWDD3
58155	1	97187161	97280605	171	13	25132	4.1924	1.3801e-05	PTBP2
1806	1	97543299	98386615	1964	96	24975	2.3742	0.0087924	DPYD
51375	1	99127236	99226056	322	18	25270	0.22626	0.4105	SNX7
163404	1	99355801	99470449	423	37	24213	-0.08018	0.53195	PLPPR5
9890	1	99729848	99775140	109	15	25350	-0.33754	0.63214	PLPPR4
54873	1	100111431	100160097	133	16	25269	0.99753	0.15925	PALMD
391059	1	100174206	100232186	225	8	25879	-0.36163	0.64119	FRRS1
178	1	100315633	100389579	260	17	25610	0.45964	0.32289	AGL
23443	1	100435345	100492535	166	11	24975	1.8837	0.029803	SLC35A3
64645	1	100503670	100548933	120	12	24618	1.9289	0.026869	MFSD14A
163786	1	100549100	100598518	119	12	23947	1.437	0.075354	SASS6
54482	1	100598669	100616054	36	7	23401	1.4505	0.073466	TRMT13
127495	1	100614004	100643829	51	8	22592	1.498	0.067062	LRRC39
1629	1	100652478	100715409	130	9	24743	1.6094	0.05377	DBT
8634	1	100731714	100758325	54	4	24812	0.43245	0.33271	RTCA
8556	1	100810598	100985833	225	15	24758	1.5077	0.065821	CDC14A
54112	1	101003728	101007583	8	3	24781	-1.164	0.8778	GPR88
7412	1	101185196	101204601	19	7	18223	-0.46677	0.67967	VCAM1
2135	1	101337928	101361548	24	6	24074	1.4684	0.070999	EXTL2
148867	1	101361632	101552821	210	12	24711	0.25619	0.3989	SLC30A7
51611	1	101455179	101491365	40	5	24675	0.34583	0.36473	DPH5
1901	1	101702305	101707076	9	3	24033	-0.082902	0.53304	S1PR1
118427	1	102268126	102462790	540	42	23646	-0.0011986	0.50048	OLFM3
1301	1	103342023	103574052	993	32	25668	0.9756	0.16463	COL11A1
55599	1	104068323	104097861	29	5	21850	-0.33403	0.63082	RNPC3
280	1	104095894	104122156	23	7	19972	0.10154	0.45956	AMY2B
279	1	104159999	104168400	2	1	22138	-0.3931	0.65288	AMY2A
276	1	104193695	104207174	1	1	23456	-0.25102	0.5991	AMY1A
278	1	104287833	104301312	2	1	18442	-0.57095	0.71598	AMY1C
55170	1	107599267	107601916	2	1	26021	0.8743	0.19098	PRMT6
22854	1	107682540	108024477	605	47	24028	0.99686	0.15942	NTNG1
10451	1	108113782	108507545	1210	70	25087	2.36	0.0091376	VAV3
29957	1	108677344	108742980	218	18	25249	-0.95298	0.8297	SLC25A24
148545	1	108765902	108786720	9	3	24048	0.53446	0.29651	NBPF4
653149	1	108992887	109013639	6	1	25294	0.88563	0.18791	NBPF6
284611	1	109102653	109181949	121	6	23453	-1.3937	0.91829	EEIG2
113802	1	109190910	109204148	13	7	22099	-0.23364	0.59237	HENMT1
55119	1	109234932	109244425	7	4	23358	-0.19324	0.57661	PRPF38B
163479	1	109255556	109285371	72	15	25642	0.84758	0.19834	FNDC7
6814	1	109289285	109352148	203	10	25905	0.5146	0.30342	STXBP3
254268	1	109358520	109400864	178	22	25762	-1.6479	0.95032	AKNAD1
29899	1	109417972	109473044	136	15	25201	-1.4383	0.92482	GPSM2
23155	1	109472130	109506121	108	18	25222	-1.2972	0.90273	CLCC1
22911	1	109512835	109584860	170	15	25173	0.10005	0.46015	WDR47
6884	1	109606998	109618624	25	5	20818	1.4853	0.06873	TAF13
56900	1	109633403	109639554	16	3	21140	1.8311	0.033542	TMEM167B
127003	1	109648573	109656484	14	4	21613	1.0496	0.14694	CFAP276
57535	1	109656585	109749403	310	27	25055	1.1361	0.12796	ELAPOR1
6301	1	109756515	109780804	35	8	25844	0.8388	0.20079	SARS1
1952	1	109792641	109818378	70	12	25602	1.184	0.1182	CELSR2
84722	1	109822176	109825790	7	4	24706	-1.5839	0.94339	PSRC1
343263	1	109834987	109849663	34	7	25074	1.188	0.11743	MYBPHL
6272	1	109852187	109940563	109	7	25149	1.8171	0.034603	SORT1
5686	1	109941653	109969108	36	5	25246	1.8451	0.032513	PSMA5
284612	1	110009100	110024764	42	4	25412	2.0819	0.018676	SYPL2
127002	1	110026533	110035426	10	3	25379	2.4372	0.0074009	ATXN7L2
284613	1	110036658	110043063	8	2	24807	1.9198	0.027444	CYB561D1
57463	1	110049446	110052336	2	1	26021	-0.59677	0.72467	AMIGO1
83873	1	110082494	110088487	7	2	26021	2.003	0.022589	GPR61
2773	1	110091186	110138465	62	10	25436	1.6803	0.04645	GNAI3
2780	1	110145889	110155705	22	8	25207	1.0057	0.15728	GNAT2
271	1	110162435	110174677	27	7	25107	-0.47617	0.68302	AMPD2
2948	1	110198698	110208123	22	6	25929	0.94839	0.17146	GSTM4
2946	1	110210644	110226619	43	9	23435	1.3567	0.087443	GSTM2
2949	1	110254406	110260890	33	9	23455	1.9583	0.025096	GSTM5
2947	1	110276554	110283660	13	3	25225	1.3632	0.086417	GSTM3
79574	1	110292702	110306644	38	10	23933	-0.74269	0.77116	EPS8L3
1435	1	110453233	110473616	35	9	24234	0.90172	0.1836	CSF1
10768	1	110527387	110566364	15	4	23797	1.5033	0.066383	AHCYL1
85369	1	110574199	110597263	21	6	24621	0.58367	0.27972	STRIP1
257	1	110602997	110613322	16	2	25184	-1.2257	0.88984	ALX3
164153	1	110655062	110656569	1	1	22949	0.34193	0.3662	UBL4B
388662	1	110693132	110744824	94	10	24829	0.63832	0.26163	SLC6A17
3749	1	110753336	110776674	30	6	24632	0.9414	0.17325	KCNC4
64783	1	110881945	110889303	9	3	25995	-0.4267	0.6652	RBM15
9122	1	110905473	110933704	61	11	25302	-0.30847	0.62114	SLC16A4
10542	1	110943875	110950546	16	5	24982	-0.87352	0.80881	LAMTOR5
84432	1	110993788	110999976	20	5	25581	0.81302	0.2081	PROK1
3744	1	111059839	111061797	5	2	25905	0.44837	0.32694	KCNA10
3737	1	111136202	111174096	96	10	25333	-0.45035	0.67377	KCNA2
3738	1	111196182	111217655	37	5	25767	2.1882	0.014329	KCNA3
963	1	111413821	111442558	86	10	25446	0.58901	0.27793	CD53
55791	1	111489812	111506825	18	6	25648	0.52866	0.29852	LRIF1
128338	1	111659954	111682838	51	6	25603	0.42577	0.33514	DRAM2
10390	1	111682249	111727724	58	10	23703	0.53128	0.29761	CEPT1
79961	1	111728591	111747160	36	10	23517	1.0929	0.13721	DENND2D
1117	1	111770281	111786062	72	9	25628	-0.8527	0.80309	CHI3L2
27159	1	111833474	111863188	214	20	25693	-0.94417	0.82746	CHIA
128344	1	111867285	111895639	131	17	24963	0.61352	0.26977	PIFO
5016	1	111956937	111970399	41	6	25568	0.72797	0.23332	OVGP1
79084	1	111982512	111991915	17	5	24002	1.1506	0.12495	WDR77
515	1	111991467	112004540	26	5	24904	1.2959	0.09751	ATP5PB
128346	1	112016474	112021134	6	2	24295	1.6069	0.054039	C1orf162
140	1	112025970	112106602	271	30	24658	-0.88463	0.81182	ADORA3
5906	1	112162405	112256807	316	20	25322	-1.081	0.86016	RAP1A
55924	1	112264686	112298419	120	20	25259	0.70844	0.23933	INKA2
11218	1	112298190	112310199	45	7	25580	0.68072	0.24802	DDX20
3752	1	112318444	112532147	643	73	25128	0.61432	0.2695	KCND3
643355	1	112532593	112541464	27	7	25526	1.8739	0.030475	LINC01750
55917	1	112938800	113003786	153	5	25109	1.8711	0.030664	CTTNBP2NL
7482	1	113010040	113063910	126	21	25018	-0.1611	0.56399	WNT2B
54879	1	113066140	113162040	195	14	24993	-0.35079	0.63713	ST7L
829	1	113162075	113214241	78	10	24629	-0.4729	0.68186	CAPZA1
4343	1	113217048	113243368	50	8	24903	0.37215	0.35489	MOV10
389	1	113243749	113250025	16	4	25446	1.3616	0.086666	RHOC
333926	1	113252616	113257950	11	5	23929	1.4868	0.068533	PPM1J
284467	1	113261619	113269857	17	4	25686	2.1144	0.01724	TAFA3
6566	1	113454469	113498975	42	5	24989	0.61424	0.26953	SLC16A1
9860	1	113615792	113667824	49	7	22665	1.851	0.032082	LRIG2
260425	1	113933087	114228545	553	25	25419	0.57853	0.28145	MAGI3
10745	1	114239824	114302165	99	10	25374	0.61886	0.268	PHTF1
54665	1	114304454	114355070	63	11	24965	0.28806	0.38665	RSBN1
26191	1	114356433	114414375	92	11	25797	0.55455	0.2896	PTPN22
440603	1	114419436	114430230	20	5	25851	0.4463	0.32769	BCL2L15
10717	1	114437370	114447741	14	4	24391	-0.092777	0.53696	AP4B1
64858	1	114447915	114456708	13	4	25154	0.99123	0.16079	DCLRE1B
204851	1	114471819	114520491	66	13	24648	-0.10359	0.54125	HIPK1
56944	1	114522030	114524875	6	4	22176	-0.82526	0.79539	OLFML3
148281	1	114631914	114696472	250	52	24784	0.52887	0.29845	SYT6
51592	1	114935399	115053781	282	15	24716	3.4949	0.0002371	TRIM33
10286	1	115110178	115124265	26	8	24651	0.71921	0.23601	BCAS2
163259	1	115127155	115212732	170	17	25363	0.75933	0.22383	DENND2C
270	1	115215719	115238239	58	13	24641	1.7275	0.04204	AMPD1
4893	1	115247085	115259515	13	3	25030	1.5324	0.062714	NRAS
7812	1	115259534	115300671	64	8	25649	1.9572	0.025165	CSDE1
80143	1	115312100	115323308	3	1	26021	1.9078	0.028207	SIKE1
6847	1	115397455	115537991	315	18	25719	1.4361	0.07548	SYCP1
7252	1	115572445	115576930	22	3	25945	1.5526	0.060254	TSHB
10100	1	115590632	115632121	156	21	25779	1.3416	0.089864	TSPAN2
4803	1	115828537	115880857	178	31	25354	1.2827	0.099793	NGF
81839	1	116184574	116240845	178	26	24755	-0.025288	0.51009	VANGL1
845	1	116242624	116311426	317	17	25675	0.021123	0.49157	CASQ2
4808	1	116378998	116383747	8	4	25742	-1.0798	0.85989	NHLH2
55356	1	116519119	116612675	199	19	25853	-0.85067	0.80252	SLC22A15
126868	1	116654376	116677861	56	7	25716	-1.1417	0.87322	MAB21L3
476	1	116914802	116948069	40	3	22172	-0.064386	0.52567	ATP1A1
965	1	117057156	117113715	36	4	24431	0.23054	0.40883	CD58
3321	1	117117020	117210377	57	7	21782	2.8524	0.0021695	IGSF3
388667	1	117236734	117249225	8	3	23486	1.5721	0.057966	LINC02868
914	1	117297057	117311851	25	4	25968	0.16749	0.43349	CD2
5738	1	117452689	117532972	216	22	25213	-0.73374	0.76845	PTGFRN
9398	1	117544372	117579173	87	17	24731	0.53747	0.29547	CD101
8458	1	117602910	117645492	85	15	24869	0.58075	0.28071	TTF2
80263	1	117653677	117664411	34	7	24926	0.9215	0.17839	TRIM45
79679	1	117686209	117753582	147	18	24220	-0.54635	0.70759	VTCN1
10905	1	117910085	118068320	406	19	25228	1.1233	0.13066	MAN1A2
54855	1	118148604	118171011	70	8	25748	1.6433	0.050158	TENT5C
54834	1	118406107	118472302	43	10	23456	0.046356	0.48151	GDAP2
10885	1	118472372	118503049	25	5	23628	-0.49656	0.69025	WDR3
200162	1	118496288	118727848	358	14	24217	-1.3842	0.91685	SPAG17
6913	1	119425666	119532179	281	22	25820	1.1386	0.12743	TBX15
10352	1	119573839	119683404	277	20	25652	1.2682	0.10236	WARS2
51179	1	119911399	119936753	54	8	25862	-0.83236	0.7974	HAO2
3284	1	119957554	119965662	23	4	25926	-1.3289	0.90806	HSD3B2
3283	1	120049826	120057681	6	1	26021	0.33229	0.36983	HSD3B1
90874	1	120162000	120190813	65	11	25309	0.10171	0.45949	ZNF697
