CHR,POS,A1,A2,REF_1kG,ALT_1kG,AF_global,AF_EAS,AF_EUR,AF_AMR,AF_AFR,AF_SAS
4,116315545,A,G,A,G,0.735623,0.5892999999999999,0.7644,0.8184,0.7716000000000001,0.7495
8,6763284,A,G,A,G,0.903155,0.9752,0.8210999999999999,0.9077999999999999,0.9788,0.8078
11,83846907,G,T,G,T,0.9808307,1.0,0.9751,0.9092,0.9962,0.9969
1,154414086,A,G,A,G,0.7020770000000001,0.6696,0.6322,0.4669,0.9077,0.6962999999999999
13,44044454,A,G,A,G,0.9536741,0.9405,0.9751,0.9222,0.9985,0.907
7,9084067,A,T,A,T,0.886981,0.998,0.9831,0.9726,0.6104,0.9867
21,35915599,A,G,A,G,0.715056,0.6935,0.8130999999999999,0.7911,0.5719000000000001,0.7761
2,227556791,T,C,T,C,0.890974,1.0,0.8628,0.902,0.7587,0.9785
2,211539271,T,C,T,C,0.9574681,1.0,0.992,0.9928,0.8487,1.0
4,63094328,T,A,T,A,0.791134,0.9683,0.7167,0.8098,0.6914,0.8067
9,2509601,G,A,G,A,0.73143,0.6032,0.8022,0.7939,0.6755,0.8221
13,84743437,G,A,G,A,0.9714457,1.0,0.9453,0.9524,0.966,0.9898
5,53319785,T,C,T,C,0.759984,0.5456,0.8210999999999999,0.853,0.8775,0.6933
3,128311331,G,A,G,A,0.677516,0.6677,0.6183000000000001,0.7709,0.6687000000000001,0.6942999999999999
7,120803286,A,G,A,G,0.755391,0.8879,0.6819,0.7695,0.7465999999999999,0.6962999999999999
3,21894762,G,A,G,A,0.8125,0.8323,0.8022,0.7464,0.8419,0.8098
6,27907404,T,C,T,C,0.9790335,1.0,0.993,0.9928,0.9297,1.0
6,71390750,G,A,G,A,0.9898163,1.0,0.9712,0.9856,0.9977,0.9908
5,39587710,A,T,A,T,0.22643800000000003,0.4206,0.12329999999999997,0.1916,0.18530000000000002,0.2127
4,26479622,C,T,C,T,0.9251198,0.879,0.9881,0.9683,0.851,0.9775
4,118679432,G,T,G,T,0.951278,1.0,0.8966,0.9438,0.9962,0.9018
12,4233554,T,C,T,C,0.59365,0.21130000000000004,0.7217,0.6369,0.8154,0.5256000000000001
14,34719225,G,A,G,A,0.642173,0.7262,0.6491,0.5317000000000001,0.7337,0.5031
1,162407020,A,G,A,G,0.39676500000000003,0.622,0.4264,0.43799999999999994,0.18079999999999996,0.39670000000000005
12,63758596,T,C,T,C,0.9628594,1.0,0.9533,0.9480999999999999,0.9327,0.9857
10,72340142,G,A,G,A,0.9121406,0.995,0.8549,0.928,0.9629,0.8057
14,89424112,T,C,T,C,0.733826,0.8284,0.8221,0.6988,0.5976,0.7545999999999999
21,39293519,C,G,C,G,0.40235600000000005,0.34030000000000005,0.5666,0.6009,0.0938,0.5736
13,32602069,G,T,G,T,0.37799499999999997,0.5932999999999999,0.3559,0.3761,0.30479999999999996,0.2791
15,38535950,C,T,C,T,0.862021,0.7192000000000001,0.8986,0.8862,0.9221,0.8732
15,50302883,G,A,G,A,0.9135383,0.9405,0.9662,0.9452,0.857,0.8855
9,15258762,C,T,C,T,0.689297,0.8919,0.827,0.8026,0.2791,0.8129
16,84535790,C,G,C,G,0.466653,0.6181,0.32799999999999996,0.5058,0.5038,0.37529999999999997
11,50628661,A,T,A,T,0.317492,0.23209999999999997,0.3509,0.2248,0.4728,0.22699999999999998
12,83912829,T,G,T,G,0.530551,0.5794,0.4881,0.27949999999999997,0.6891,0.4877
17,827768,C,T,C,T,0.9361022,1.0,0.9036,0.9467,0.8744000000000001,0.9796
11,43494426,G,A,G,A,0.9626597,0.999,0.9702,0.9856,0.9123,0.9693
21,43444153,C,T,C,T,0.9578674,0.9286,0.994,0.9625,0.9312,0.9836
6,47341288,T,C,T,C,0.766973,0.3889,0.9085,0.6427,0.9917,0.7955
12,41296632,A,G,A,G,0.582069,0.7817000000000001,0.5785,0.7219,0.354,0.589
13,93321006,T,G,T,G,0.80611,0.8909,0.6889000000000001,0.853,0.9312,0.637
20,31574654,G,A,G,A,0.7270369999999999,0.9752,0.5408,0.6081,0.7965,0.6534
1,52356255,C,T,C,T,0.965655,0.9474,0.9911,0.9986,0.9992,0.8896
10,56331223,G,A,G,A,0.08965699999999999,0.08230000000000004,0.02190000000000003,0.08650000000000002,0.16259999999999997,0.0706
2,185232216,T,A,T,A,0.898363,0.9554,0.836,0.9077999999999999,0.9334,0.8497
4,172523729,T,C,T,C,0.9558706,0.9871,0.9543,0.9798,0.913,0.9663
11,97749367,T,C,T,C,0.9375,0.9266,0.8827,0.9697,0.9917,0.909
7,87443747,A,T,A,T,0.980631,1.0,0.9612,0.9755,1.0,0.9581
16,84544525,G,T,G,T,0.9349042,0.9544,0.9503,0.9063,0.9334,0.9213
13,69063891,G,A,G,A,0.3748,0.19840000000000002,0.3062,0.3718,0.6415,0.26890000000000003
8,2999079,A,G,A,G,0.9488818,0.9137,0.9891,0.987,0.9508,0.9141
4,83099962,C,T,C,T,0.9828275,1.0,0.9583,0.9899,0.9977,0.9652000000000001
13,62486147,T,G,T,G,0.9882188,0.998,0.9712,0.9798,0.9985,0.9877
12,27827545,G,A,G,A,0.35623000000000005,0.33830000000000005,0.3728,0.36460000000000004,0.27690000000000003,0.45909999999999995
4,64862744,G,A,G,A,0.197484,0.07640000000000002,0.37770000000000004,0.21040000000000003,0.18310000000000004,0.1472
8,21050940,A,G,A,G,0.9818291,0.996,0.9722,0.9813,0.9947,0.9601
13,82444109,A,G,A,G,0.07547899999999996,0.0010000000000000009,0.09840000000000004,0.07350000000000001,0.14980000000000004,0.02969999999999995
10,18917062,A,C,A,C,0.33845800000000004,0.03969999999999996,0.46419999999999995,0.35729999999999995,0.4909,0.2975
6,105377347,C,T,C,T,0.661142,0.6944,0.6561,0.7277,0.5613,0.7198
12,14220891,G,A,G,A,0.869609,0.9385,0.8539,0.6195999999999999,0.9894,0.8303
8,8597801,A,G,A,G,0.9105430999999999,0.9742,0.8221,0.9006,0.9834,0.8446
4,142575266,G,A,G,A,0.19229200000000002,0.007900000000000018,0.2913,0.19879999999999998,0.2572,0.18810000000000004
10,28675315,C,T,C,T,0.6325879999999999,0.6954,0.8738,0.7738,0.28369999999999995,0.6912
1,15444288,C,T,C,T,0.39397000000000004,0.2946,0.37770000000000004,0.4164,0.5386,0.3016
3,95780284,C,T,C,T,0.882188,0.7867,0.8956,0.8646,0.938,0.9039
3,118464944,G,C,G,C,0.894569,0.997,0.8996,0.928,0.789,0.9029
2,36800918,T,C,T,C,0.779153,0.8819,0.7028,0.7795,0.8986,0.5900000000000001
2,195039119,A,G,A,G,0.03154999999999997,0.00990000000000002,0.007000000000000006,0.011499999999999955,0.0968,0.005099999999999993
5,2994864,G,A,G,A,0.9588658,0.9623,0.9702,0.9726,0.9418,0.9571
6,80652477,A,T,A,T,0.756989,0.7718,0.8827,0.8012,0.7525999999999999,0.5869
20,14706424,A,C,A,C,0.9750399,0.999,0.9354,0.9553,0.9955,0.9775
3,18759430,G,A,G,A,0.81889,0.8352999999999999,0.833,0.8487,0.7201,0.8998
19,52289962,T,A,T,A,0.811302,0.7054,0.7962,0.719,0.91,0.8681
13,42315053,C,T,C,T,0.9688498,1.0,0.9632000000000001,0.9251,0.9977,0.9346
5,66860757,A,G,A,G,0.48542300000000005,0.21230000000000004,0.7484999999999999,0.5821000000000001,0.30710000000000004,0.6687000000000001
13,44494971,T,A,T,A,0.9698482,0.996,0.9871,0.987,0.9259,0.9724
5,112898834,G,T,G,T,0.9149361,0.9702,0.8956,0.964,0.8495,0.9315
4,18919345,G,C,G,C,0.5137780000000001,0.35219999999999996,0.5933999999999999,0.598,0.5492,0.4908
12,121625091,G,A,G,A,0.689497,0.8571,0.6183000000000001,0.8012,0.5749,0.6656
6,160775578,G,T,G,T,0.563299,0.7142999999999999,0.5169,0.5504,0.4304,0.6442
4,67581899,A,C,A,C,0.7476039999999999,0.7024,0.8827,0.7824,0.5900000000000001,0.8436
2,31661688,G,A,G,A,0.9426917,0.998,0.8767,0.9294,0.9955,0.8916
18,25773016,C,T,C,T,0.5365420000000001,0.46330000000000005,0.37770000000000004,0.48129999999999995,0.8449,0.39780000000000004
9,87647454,A,G,A,G,0.684704,0.7411,0.47419999999999995,0.6153,0.9569,0.5245
8,116650219,A,G,A,G,0.652756,0.6657,0.7286,0.5663,0.6483,0.6288
5,152253548,C,T,C,T,0.837859,0.997,0.7177,0.7046,0.9849,0.6933
13,102314203,G,A,G,A,0.885982,0.9306,0.7714,0.7176,0.9818,0.9479
16,11420769,C,G,C,G,0.27735600000000005,0.04369999999999996,0.4115,0.24929999999999997,0.37370000000000003,0.26990000000000003
11,123127916,C,T,C,T,0.22603799999999996,0.376,0.2137,0.21330000000000005,0.1483,0.19840000000000002
3,98756709,G,A,G,A,0.32927300000000004,0.29369999999999996,0.3588,0.3084,0.3116,0.3742
14,32173054,G,T,G,T,0.714657,0.6161,0.665,0.6901999999999999,0.9236,0.6022000000000001
2,6520373,G,C,G,C,0.770367,0.9048,0.8121,0.8386,0.5188999999999999,0.8804
20,40529719,G,T,G,T,0.836462,0.7767999999999999,0.9006,0.8271,0.8638,0.8016
17,63257552,A,C,A,C,0.98123,1.0,0.9702,0.9827,0.9637,0.9959
1,65629245,A,G,A,G,0.813698,0.8998,0.9423,0.6772,0.6452,0.9172
11,35522559,A,G,A,G,0.9047524,0.8294,0.9155,0.9323,0.9773,0.8538
14,98688897,T,C,T,C,0.584465,0.28769999999999996,0.6441,0.6094999999999999,0.8548,0.4458
15,59157098,C,A,C,A,0.970647,0.9792,0.9881,0.8775,0.9902,0.9836
14,79845367,A,G,A,G,0.519169,0.4534,0.5736,0.6282,0.44399999999999995,0.5552
2,201329124,T,C,T,C,0.558307,0.4216,0.5507,0.48850000000000005,0.7693,0.47140000000000004
3,53956388,C,G,C,G,0.8590260000000001,0.755,0.9513,0.8919,0.9002,0.7924
9,3692335,C,A,C,A,0.9760383,0.999,0.9891,0.9841,0.9410000000000001,0.9806
1,169423772,C,T,C,T,0.9277157,0.9762,0.8956,0.7867,0.9977,0.9162
2,95507347,A,G,A,G,0.84385,0.9752,0.8956,0.9193,0.5825,0.955
5,125564863,C,T,C,T,0.946885,0.8442000000000001,0.9722,0.9683,1.0,0.9397
5,131279165,T,C,T,C,0.89397,1.0,0.9632000000000001,0.9568,0.6566000000000001,0.9898
20,39098452,T,C,T,C,0.9754393,1.0,0.9851,0.9942,0.9236,0.9969
6,32570880,C,T,C,T,0.730631,0.8343,0.675,0.6296999999999999,0.7572,0.7168
5,50052888,C,A,C,A,0.10383399999999998,0.035699999999999954,0.10829999999999995,0.14549999999999996,0.1089,0.13290000000000002
6,155306304,A,G,A,G,0.5625,0.8115,0.4145,0.5892999999999999,0.46220000000000006,0.5746
7,6772273,C,T,C,T,0.779153,0.6815,0.9245,0.853,0.7239,0.7525999999999999
8,50089094,A,G,A,G,0.680312,0.625,0.5149,0.6052,0.8472,0.7352000000000001
21,43154953,T,C,T,C,0.561502,0.41369999999999996,0.5188999999999999,0.5447,0.7322,0.5388999999999999
6,32699850,T,C,T,C,0.14736400000000005,0.08930000000000005,0.20779999999999998,0.19020000000000004,0.17020000000000002,0.08379999999999999
11,36722737,A,G,A,G,0.9750399,1.0,0.9314,0.9496,0.9992,0.9796
3,10511984,T,C,T,C,0.873602,0.9831,0.6619999999999999,0.8242,0.9395,0.9243
10,53338976,T,A,T,A,0.778754,0.9821,0.8767,0.8501,0.4939,0.8027
6,5253922,C,T,C,T,0.9261182,0.8998,0.9761,0.9841,0.882,0.9202
2,231293885,T,G,T,G,0.884984,0.994,0.8797,0.9092,0.7927,0.8855
1,85643698,A,T,A,T,0.9414936,1.0,0.9751,0.9741,0.8177,0.9908
2,202407367,C,T,C,T,0.29452900000000004,0.03469999999999995,0.25549999999999995,0.20889999999999997,0.5764,0.2822
14,39584486,C,T,C,T,0.793331,0.7669,0.7217,0.7939,0.9183,0.7249
4,166339844,T,A,T,A,0.692292,0.6419,0.7038,0.7723,0.6755,0.6984
7,151134203,A,G,A,G,0.797724,0.5536,0.8976,0.9625,0.9433,0.6329
1,161025746,T,A,T,A,0.665335,0.6448,0.8748,0.7291000000000001,0.37370000000000003,0.8200000000000001
2,190178878,T,C,T,C,0.9634585,0.997,0.9632000000000001,0.9337,0.9546,0.9621999999999999
4,119292835,G,A,G,A,0.9772364,1.0,0.9175,0.9697,0.9962,0.9949
14,107004770,C,T,C,T,0.479633,0.4276,0.5944,0.5331,0.43189999999999995,0.4417
3,121490818,C,T,C,T,0.6723239999999999,0.8352999999999999,0.7484999999999999,0.49139999999999995,0.6678999999999999,0.5603
15,46788870,T,C,T,C,0.903155,0.9871,0.8032,0.8761,0.9206,0.9151
5,40038993,T,C,T,C,0.847045,0.9911,0.7266,0.7781,0.9228,0.7689
13,113400056,A,C,A,C,0.76258,0.8948,0.8201,0.8112,0.48029999999999995,0.9141
7,7060898,T,G,T,G,0.816294,0.503,0.8807,0.8934,0.9871,0.7873
1,230208497,G,A,G,A,0.632788,0.6369,0.9095,0.8487,0.22840000000000005,0.7372000000000001
3,175209167,G,C,G,C,0.8809899999999999,0.9901,0.9036,0.9308,0.77,0.8599
12,83784495,A,G,A,G,0.9832268,0.9534,0.9742,0.9885,0.9992,0.998
1,160672383,A,G,A,G,0.602236,0.7351,0.493,0.6052,0.5303,0.6728000000000001
2,209508291,C,T,C,T,0.942492,0.9722,0.9881,0.9885,0.8797,0.9172
10,12945749,G,A,G,A,0.894169,0.997,0.8479,0.9178999999999999,0.8411,0.8906000000000001
12,73091874,G,A,G,A,0.45407299999999995,0.3284,0.6869000000000001,0.6037,0.1884,0.5971
1,11742074,C,T,C,T,0.13937699999999997,0.0655,0.2147,0.14990000000000003,0.10060000000000002,0.18300000000000005
12,127768619,C,A,C,A,0.48682099999999995,0.41269999999999996,0.3042,0.3689,0.9213,0.24739999999999995
6,51164613,G,A,G,A,0.864617,0.9246,0.9423,0.9352,0.6891,0.91
12,18503894,T,G,T,G,0.9155351,0.9613,0.8161,0.902,0.9621999999999999,0.9172
7,70146513,T,A,T,A,0.9584665,0.995,0.9046,0.9597,0.9448,0.9939
14,43816593,A,G,A,G,0.878794,0.869,0.9672,0.938,0.7746,0.8967
9,94697108,C,A,C,A,0.797724,0.8948,0.7396,0.7046,0.8192,0.7945
4,148079765,C,T,C,T,0.9878195,1.0,0.9791,0.9856,0.9796,0.9969
1,209755202,G,A,G,A,0.838259,0.9643,0.7893,0.8487,0.798,0.8057
1,196005825,G,A,G,A,0.841653,0.7024,0.8867,0.804,0.9002,0.8865
1,66391109,A,G,A,G,0.884784,0.9107,0.9076,0.804,0.8631,0.9213
3,149762138,A,C,A,C,0.7370209999999999,0.7698,0.7624,0.6873,0.733,0.7178
10,133076428,G,A,G,A,0.9764377,0.998,0.9384,0.9611,0.997,0.9765
3,13535244,C,T,C,T,0.9804313,1.0,0.9781,0.9899,0.9501,0.9969
7,54342373,A,C,A,C,0.9279153,0.9841,0.8210999999999999,0.8573,0.9955,0.9387
2,101171201,T,C,T,C,0.837061,0.9772,0.9056,0.6901999999999999,0.7337,0.8661
12,55328814,C,A,C,A,0.77496,0.9891,0.6431,0.8084,0.6422,0.8456
3,58515566,G,T,G,T,0.29912099999999997,0.24309999999999998,0.1412,0.20889999999999997,0.6339,0.13090000000000002
5,62641223,C,T,C,T,0.522564,0.2629,0.5517000000000001,0.44810000000000005,0.8298,0.39780000000000004
17,33814758,T,C,T,C,0.888379,0.8115,0.8966,0.915,0.8797,0.9519
12,48943758,T,C,T,C,0.7164539999999999,0.5675,0.8241,0.7637,0.6793,0.7761
12,25589488,A,G,A,G,0.817891,0.8392999999999999,0.6719999999999999,0.7622,0.9811,0.7648
11,103279680,G,A,G,A,0.46246,0.46830000000000005,0.5666,0.5043,0.382,0.4284
4,158089586,C,T,C,T,0.908746,0.9643,0.9563,0.9669,0.8275,0.8712
19,2105913,T,C,T,C,0.9227236,1.0,0.8837,0.9323,0.9251,0.8732
4,138413920,G,T,G,T,0.60024,0.5486,0.6909000000000001,0.6427,0.4667,0.7106
16,9832299,G,A,G,A,0.6791130000000001,0.8462000000000001,0.5775,0.6844,0.5628,0.7648
1,166626645,C,T,C,T,0.9071486,0.999,0.7952,0.8963,0.9418,0.8885
9,113003435,C,T,C,T,0.9884185,0.999,0.9901,0.9683,0.9992,0.9755
22,18608436,G,A,G,A,0.855631,0.6587000000000001,0.9235,0.928,0.9523,0.8067
8,60349128,G,A,G,A,0.890775,0.8919,0.9911,0.9539,0.7239,0.9673
3,165453221,A,G,A,G,0.713658,0.7937,0.7167,0.7911,0.5598000000000001,0.7812
12,91191925,T,C,T,C,0.421326,0.6062000000000001,0.47019999999999995,0.6571,0.13770000000000004,0.39670000000000005
19,21241537,T,A,T,A,0.32587900000000003,0.14090000000000003,0.17989999999999995,0.1916,0.7791,0.1493
8,106674812,T,C,T,C,0.49900199999999995,0.5298,0.5676,0.4942,0.2965,0.6738
20,61161873,G,A,G,A,0.74361,0.8442000000000001,0.5973999999999999,0.6988,0.9289000000000001,0.5716
6,42513733,G,A,G,A,0.9768371,1.0,0.9523,0.9827,0.9992,0.9438
2,33407573,C,G,C,G,0.9880192,1.0,0.9692,0.9899,1.0,0.9775
19,56334603,G,T,G,T,0.725439,0.6806,0.7922,0.7651,0.6104,0.8303
3,53665019,T,C,T,C,0.932508,0.9643,0.9165,0.9568,0.9138,0.9243
17,8883778,T,C,T,C,0.511382,0.5198,0.6163000000000001,0.5879,0.2973,0.6299
12,86113640,A,T,A,T,0.932508,1.0,0.8052,0.8818,0.9902,0.9519
8,144650510,G,A,G,A,0.696086,0.5704,0.6581,0.7061,0.767,0.7618
15,83565711,C,A,C,A,0.857428,0.7907,0.8976,0.817,0.8502000000000001,0.9233
14,86512825,G,T,G,T,0.9498802,0.8829,0.9911,0.8963,0.9955,0.953
1,167558658,G,A,G,A,0.9882188,0.994,0.9891,0.9914,0.9992,0.9642
8,130373061,T,C,T,C,0.39297099999999996,0.5198,0.4085,0.5548,0.16259999999999997,0.4427
3,102007772,G,A,G,A,0.618411,0.9554,0.6262,0.647,0.236,0.7597
3,169092421,T,C,T,C,0.9846246,1.0,0.993,0.9813,0.966,0.9877
4,116764888,T,C,T,C,0.522564,0.40669999999999995,0.5089,0.5245,0.5946,0.5573
18,52020751,G,A,G,A,0.810503,0.9911,0.9601999999999999,0.9366,0.45920000000000005,0.8558
3,69425229,A,G,A,G,0.06409699999999996,0.03269999999999995,0.07950000000000002,0.05620000000000003,0.08320000000000005,0.06030000000000002
11,65561369,G,A,G,A,0.6936899999999999,0.631,0.7644,0.5663,0.8109,0.6175999999999999
9,118370953,T,C,T,C,0.24161299999999997,0.40280000000000005,0.17200000000000004,0.19740000000000002,0.3033,0.09509999999999996
21,29564143,A,G,A,G,0.373003,0.16469999999999996,0.2962,0.33430000000000004,0.6225,0.3569
13,93001802,C,T,C,T,0.7148559999999999,0.7004,0.7495,0.781,0.767,0.5767
2,1547317,T,C,T,C,0.9506789,0.872,0.9901,0.9841,0.9894,0.9151
5,28482801,A,C,A,C,0.373602,0.6457999999999999,0.10540000000000005,0.3487,0.49550000000000005,0.2219
4,6399267,T,C,T,C,0.6815100000000001,0.3016,0.7266,0.8401000000000001,0.8374,0.7035
1,232316758,C,A,C,A,0.894569,0.6557999999999999,0.9722,0.9337,0.9387,0.9734
15,52945210,G,A,G,A,0.11381799999999997,0.0010000000000000009,0.08550000000000002,0.0807,0.27080000000000004,0.0706
2,118825726,T,A,T,A,0.9580671,1.0,0.9076,0.9294,0.9607,0.9836
12,50087630,T,C,T,C,0.682508,0.9097,0.8201,0.8184,0.24209999999999998,0.8057
7,85470519,G,A,G,A,0.894968,0.7887,0.9453,0.9092,0.9909,0.8129
2,181243660,T,C,T,C,0.941893,0.754,0.9811,0.9899,0.9977,0.9857
2,95809238,T,C,T,C,0.206669,0.3234,0.23560000000000003,0.134,0.0998,0.25260000000000005
17,39126823,A,G,A,G,0.785743,0.748,0.7535000000000001,0.683,0.9372,0.726
1,52921347,G,C,G,C,0.9416933,0.997,0.9503,0.964,0.9168000000000001,0.8936999999999999
6,84869320,A,T,A,T,0.9492812,0.994,0.9483,0.9092,0.9539,0.9264
9,23784889,T,C,T,C,0.5357430000000001,0.4325,0.7296,0.4625,0.49850000000000005,0.5449999999999999
8,136862104,G,A,G,A,0.9810304,1.0,0.9344,0.9798,1.0,0.9847
7,97114963,G,A,G,A,0.9486821,0.8938,0.9821,0.9669,0.9682,0.9315
12,119588224,C,T,C,T,0.9890176,0.999,0.9911,0.9438,0.9985,0.9959
2,75525567,G,A,G,A,0.802716,0.6925,0.8150999999999999,0.5735,0.9531000000000001,0.863
10,5149144,A,G,A,G,0.19987999999999995,0.13790000000000002,0.23260000000000003,0.25939999999999996,0.2005,0.18710000000000004
9,88833638,G,T,G,T,0.864417,0.9395,0.7982,0.8401000000000001,0.8858,0.8436
6,39294040,C,T,C,T,0.9878195,0.998,0.9592,0.9813,0.9992,0.9959
19,28275220,C,T,C,T,0.9073481999999999,0.9931,0.8569,0.8703,0.9856,0.7914
13,50317104,G,A,G,A,0.761382,0.39980000000000004,0.9722,0.8357,0.7534,0.8753
13,59374793,A,G,A,G,0.891773,0.999,0.9085,0.9107,0.7451,0.9489
6,32735645,T,C,T,C,0.678315,0.5625,0.6491,0.6369,0.8464,0.6299
2,83963220,T,C,T,C,0.8035140000000001,0.9405,0.7345999999999999,0.83,0.6566000000000001,0.9131
12,27340857,A,T,A,T,0.9486821,0.9702,0.8857,0.9092,0.9932,0.9591
10,135101378,A,G,A,G,0.09564700000000004,0.07040000000000002,0.10040000000000004,0.15990000000000004,0.057499999999999996,0.12270000000000003
6,115278653,G,T,G,T,0.667732,0.7222,0.7575000000000001,0.7709,0.4728,0.7096
1,84533132,G,C,G,C,0.5762780000000001,0.501,0.7575000000000001,0.5605,0.48109999999999997,0.6073999999999999
7,73405854,C,A,C,A,0.7332270000000001,0.8264,0.46419999999999995,0.7032,0.9032,0.7055
1,221063684,T,A,T,A,0.69389,0.631,0.6581,0.6542,0.7708,0.7198
7,19316200,G,A,G,A,0.817292,0.8641,0.7365999999999999,0.8617,0.9251,0.6748000000000001
18,60437432,C,T,C,T,0.9842252,0.996,0.9692,0.9986,0.9985,0.9581
8,58753087,G,A,G,A,0.860224,1.0,0.7962,0.8386,0.7511,0.9448
9,5116616,T,G,T,G,0.564497,0.7044,0.7345999999999999,0.6787000000000001,0.18989999999999996,0.6708000000000001
7,115738814,T,C,T,C,0.802316,0.6855,0.8181,0.781,0.9009,0.7883
3,20317638,C,T,C,T,0.9864217,0.997,0.9722,0.9827,0.9864,0.9928
4,43862076,T,C,T,C,0.311102,0.19540000000000002,0.19379999999999997,0.3559,0.4962,0.26890000000000003
11,36103228,A,G,A,G,0.658946,0.6477999999999999,0.6849000000000001,0.598,0.5900000000000001,0.7802
22,26268757,A,G,A,G,0.9430911,0.8552,0.9513,0.9755,0.9599,0.9796
3,144261687,C,T,C,T,0.817292,0.998,0.9284,0.8948,0.4546,0.9519
8,87005590,C,T,C,T,0.633786,0.5307999999999999,0.7078,0.7493000000000001,0.6331,0.5828
14,69025645,G,A,G,A,0.9598642,0.998,0.9563,0.964,0.9198,0.9755
8,136207077,G,T,G,T,0.220248,0.04169999999999996,0.32410000000000005,0.19599999999999995,0.24660000000000004,0.2791
18,38481341,C,T,C,T,0.663538,0.29169999999999996,0.7137,0.6182000000000001,0.9871,0.5900000000000001
4,10422356,G,T,G,T,0.832069,0.8046,0.9553,0.9164,0.6739999999999999,0.8875
5,147628631,G,A,G,A,0.25738799999999995,0.16569999999999996,0.0746,0.10519999999999996,0.6324000000000001,0.1411
6,66618682,T,C,T,C,0.605032,0.5794,0.7584,0.5965,0.534,0.5757
7,157027878,T,C,T,C,0.749401,0.6091,0.8181,0.7867,0.7844,0.7495
15,52412563,A,G,A,G,0.574481,0.5972,0.7137,0.5648,0.4508,0.5818
7,137842590,A,G,A,G,0.02216499999999999,0.0,0.0686,0.02310000000000001,0.0030000000000000027,0.022499999999999964
7,52334305,A,G,A,G,0.8043130000000001,0.872,0.8698,0.9121,0.5726,0.9039
3,1617357,G,T,G,T,0.427516,0.27480000000000004,0.47809999999999997,0.5375,0.44699999999999995,0.4284
3,167845790,G,A,G,A,0.9484824000000001,0.9921,0.9105,0.9683,0.9418,0.9376
11,84744134,C,T,C,T,0.21245999999999998,0.0645,0.3529,0.2882,0.08930000000000005,0.33330000000000004
1,15010006,G,A,G,A,0.508786,0.46919999999999995,0.496,0.6282,0.6051,0.3476
4,29262462,A,T,A,T,0.604633,0.22019999999999995,0.5676,0.5186999999999999,0.9372,0.6503
22,22652549,C,G,C,G,0.9896166,1.0,0.9672,0.9827,0.9977,0.9959
4,89298201,G,A,G,A,0.6479630000000001,0.7966,0.6153,0.6397999999999999,0.5477000000000001,0.6697
9,30965877,A,G,A,G,0.876797,0.9405,0.7396,0.7767,0.9766,0.8885
22,49146899,C,T,C,T,0.707468,0.9028,0.5676,0.696,0.5862,0.8221
2,44832451,A,C,A,C,0.67472,0.7996,0.495,0.5548,0.9024,0.5082
7,157642075,G,A,G,A,0.866414,0.6488,0.8569,0.8588,0.9939,0.9335
3,94974562,T,C,T,C,0.714457,0.6022000000000001,0.6352,0.5548,0.916,0.7525999999999999
2,131613452,C,G,C,G,0.9365016,0.8839,0.9901,0.9366,0.9153,0.9642
1,228491207,C,A,C,A,0.6707270000000001,0.751,0.5139,0.6009,0.7231000000000001,0.728
16,49113335,C,T,C,T,0.727236,0.5585,0.7535000000000001,0.6455,0.7905,0.8466
13,112157919,C,A,C,A,0.44009600000000004,0.40080000000000005,0.3539,0.2824,0.5567,0.5235000000000001
8,22473465,T,C,T,C,0.58746,0.7232000000000001,0.6322,0.6412,0.48029999999999995,0.5082
17,54906239,G,A,G,A,0.9858227,1.0,0.9642,0.9885,0.9985,0.9744
6,114063997,A,G,A,G,0.81889,1.0,0.8042,0.8444,0.6407,0.8701
15,65515031,C,A,C,A,0.9816294,1.0,0.9801,0.9942,0.9576,0.9877
8,96087473,G,A,G,A,0.34265199999999996,0.20240000000000002,0.46919999999999995,0.3862,0.3873,0.26580000000000004
8,23797763,A,G,A,G,0.6545529999999999,0.6796,0.5228999999999999,0.5634,0.8268,0.5961000000000001
17,76251991,G,A,G,A,0.20427300000000004,0.17459999999999998,0.1372,0.10950000000000004,0.32830000000000004,0.20350000000000001
4,138109533,C,A,C,A,0.671725,0.6161,0.8976,0.8199,0.4123,0.7423
10,126235522,A,G,A,G,0.780351,0.5407,0.9195,0.7954,0.9206,0.6839999999999999
17,74329005,G,A,G,A,0.9378994,0.9067000000000001,0.9831,0.9409,0.975,0.8712
6,29182887,T,A,T,A,0.9824281,1.0,0.9304,0.9798,0.997,1.0
16,75377450,C,G,C,G,0.9622604,0.996,0.9404,0.9741,0.9955,0.8967
11,2930656,T,G,T,G,0.389776,0.45630000000000004,0.33899999999999997,0.5058,0.39790000000000003,0.2802
3,2958812,C,T,C,T,0.582668,0.37,0.6639999999999999,0.5648,0.6785,0.6012
19,58086196,G,A,G,A,0.772764,0.7232000000000001,0.7306,0.7723,0.8638,0.7444
1,39457851,T,A,T,A,0.827276,0.8929,0.6133,0.7767,0.9168000000000001,0.8947
6,29910167,C,G,C,G,0.932508,0.9792,0.9195,0.9178999999999999,0.9017,0.9499
3,194866076,C,T,C,T,0.711462,0.5456,0.8539,0.7997,0.6672,0.7331
4,110605744,A,T,A,T,0.7637780000000001,0.7747999999999999,0.7147,0.7002999999999999,0.9410000000000001,0.6084
14,85428316,T,C,T,C,0.789337,0.9692,0.7167,0.6066,0.7474000000000001,0.865
5,149003627,C,T,C,T,0.881789,0.9167,0.9374,0.951,0.7663,0.8956999999999999
6,149216613,C,T,C,T,0.402756,0.5089,0.5477000000000001,0.5058,0.15280000000000005,0.40900000000000003
8,24487211,A,G,A,G,0.34105399999999997,0.13490000000000002,0.6143000000000001,0.42800000000000005,0.2489,0.33540000000000003
19,42027169,G,A,G,A,0.463658,0.41269999999999996,0.26639999999999997,0.24209999999999998,0.8517,0.3517
5,153103898,A,G,A,G,0.4373,0.246,0.5736,0.5231,0.5226999999999999,0.31799999999999995
11,105840364,A,G,A,G,0.35682899999999995,0.3671,0.40759999999999996,0.31699999999999995,0.3086,0.38749999999999996
13,39882038,T,C,T,C,0.826877,0.871,0.9294,0.9035,0.6029,0.9243
8,38101003,A,G,A,G,0.801118,0.6806,0.7455,0.7522,0.879,0.9121
7,154098290,C,A,C,A,0.638978,0.7054,0.7684,0.7579,0.3328,0.7669
5,62953731,A,C,A,C,0.21485600000000005,0.122,0.23660000000000003,0.24209999999999998,0.26170000000000004,0.20550000000000002
1,184695571,C,T,C,T,0.35143800000000003,0.2996,0.5248999999999999,0.49139999999999995,0.16190000000000004,0.38339999999999996
18,3521041,T,C,T,C,0.265775,0.2956,0.25549999999999995,0.16569999999999996,0.28059999999999996,0.2965
19,14897845,G,T,G,T,0.739417,0.8998,0.7624,0.7651,0.5552,0.7812
13,108463808,T,C,T,C,0.8576280000000001,0.999,0.8767,0.8876,0.6354,0.9714
6,34223112,C,T,C,T,0.9253195,0.9891,0.992,0.9769,0.7489,0.9928
6,50016198,A,G,A,G,0.9091454,0.9891,0.9891,0.9683,0.7133,0.9673
20,22768210,C,T,C,T,0.505791,0.16369999999999996,0.4294,0.3357,0.8449,0.5992
9,1107007,A,T,A,T,0.8206869999999999,0.9415,0.8698,0.8689,0.6967,0.7791
11,93339368,G,A,G,A,0.9728435,1.0,0.9115,0.9582,0.9962,0.9867
6,6345311,T,C,T,C,0.832668,0.997,0.6044,0.7032,0.9281,0.8609
4,20791877,C,A,C,A,0.9898163,1.0,0.9742,0.9841,0.9977,0.9888
21,43695488,G,C,G,C,0.736422,0.7579,0.7584,0.7147,0.6725,0.7935
12,103379554,G,A,G,A,0.783147,0.9057999999999999,0.7604,0.8472999999999999,0.6089,0.8701
4,87150233,C,T,C,T,0.9105430999999999,0.998,0.9751,0.9712,0.7421,0.9387
5,82172601,G,T,G,T,0.947484,0.995,0.8956,0.9236,0.9621999999999999,0.9489
16,59187439,G,T,G,T,0.664337,0.6865,0.4861,0.6699999999999999,0.966,0.4131
8,77798760,T,A,T,A,0.28434499999999996,0.1935,0.23460000000000003,0.28669999999999995,0.39180000000000004,0.2822
11,129049745,C,T,C,T,0.7362219999999999,0.7282,0.6839,0.6268,0.7496,0.8579
1,206733417,C,T,C,T,0.628395,0.4266,0.7416,0.6455,0.7678,0.5194
2,171980427,A,G,A,G,0.811901,0.9573,0.7177,0.8141,0.7269,0.8722
1,53300127,C,T,C,T,0.654153,0.9762,0.4284,0.6699999999999999,0.6823,0.5051
6,4281645,T,G,T,G,0.7164539999999999,0.6577,0.7575000000000001,0.781,0.7731,0.6125
3,178301288,G,T,G,T,0.882188,0.9772,0.9185,0.9222,0.7368,0.9151
17,32712649,C,T,C,T,0.815296,0.8819,0.8479,0.804,0.7171000000000001,0.8538
9,26729668,A,T,A,T,0.9111422,0.8562,0.8579,0.889,0.9713,0.9571
14,104902385,G,A,G,A,0.7248399999999999,0.5942000000000001,0.7853,0.5418000000000001,0.8578,0.7474000000000001
3,145532325,A,G,A,G,0.9117412,0.9742,0.9314,0.9480999999999999,0.8979,0.8200000000000001
15,65765273,G,A,G,A,0.9442891,0.9554,0.9533,0.9669,0.913,0.9499
1,161377161,C,T,C,T,0.9426917,0.999,0.8489,0.9164,0.9962,0.9274
4,7883276,A,G,A,G,0.9011581,0.874,0.8479,0.9308,0.9531000000000001,0.8926000000000001
6,54159866,C,T,C,T,0.591653,0.7062999999999999,0.3539,0.5590999999999999,0.7943,0.46730000000000005
2,103506660,T,C,T,C,0.20866600000000002,0.35419999999999996,0.2227,0.11380000000000001,0.10670000000000002,0.24950000000000006
6,75447088,T,G,T,G,0.892572,0.8968,0.8618,0.9366,0.8601,0.9325
12,100016269,T,C,T,C,0.529153,0.7222,0.3698,0.3862,0.5696,0.5408999999999999
6,121695474,A,G,A,G,0.775958,0.8938,0.8926000000000001,0.8818,0.46819999999999995,0.8753
19,31066727,C,T,C,T,0.9606629,1.0,0.9791,0.9697,0.8911,0.9888
11,86576172,G,T,G,T,0.9079473,0.8978,0.9601999999999999,0.9712,0.857,0.8885
3,54270541,A,T,A,T,0.9454872,0.8899,0.993,0.8689,0.9977,0.9376
20,9590093,A,C,A,C,0.846645,0.999,0.9006,0.8862,0.6301,0.8988
5,29250315,G,A,G,A,0.657348,0.7401,0.6789000000000001,0.6744,0.5650999999999999,0.6626000000000001
8,21880642,G,C,G,C,0.9207268,0.9683,0.9284,0.9049,0.9841,0.7894
3,131372620,C,T,C,T,0.761981,0.8363,0.9135,0.83,0.5091,0.8230999999999999
20,52071300,T,C,T,C,0.986222,1.0,0.9911,0.9942,0.9849,0.9632000000000001
10,96661641,A,T,A,T,0.44089500000000004,0.5903,0.4374,0.6167,0.2935,0.365
8,14173974,G,T,G,T,0.364217,0.2996,0.47809999999999997,0.5202,0.3631,0.20450000000000002
2,17969345,C,T,C,T,0.817692,0.9365,0.8877,0.8775,0.5877,0.8916
1,169189477,G,A,G,A,0.803315,0.3681,0.9722,0.8976999999999999,0.9228,0.8497
2,120041979,T,C,T,C,0.714657,0.6984,0.6581,0.6124,0.8623000000000001,0.6626000000000001
6,155425479,T,C,T,C,0.23881799999999997,0.3581,0.26339999999999997,0.14549999999999996,0.19440000000000002,0.2168
17,17150952,A,G,A,G,0.837859,0.8095,0.8489,0.8674,0.8684000000000001,0.7935
17,63112178,C,T,C,T,0.951278,0.9683,0.9135,0.9467,0.9644,0.9581
4,118151420,A,G,A,G,0.577875,0.6131,0.5457000000000001,0.35450000000000004,0.7708,0.47240000000000004
2,165910009,T,C,T,C,0.896166,0.9643,0.9881,0.9524,0.6920999999999999,0.9673
7,95123989,T,A,T,A,0.9802316,0.9891,0.9891,0.9424,0.9992,0.9632000000000001
13,114438718,T,C,T,C,0.809105,0.9444,0.8260000000000001,0.8401000000000001,0.5831999999999999,0.9356
2,11446322,A,G,A,G,0.9844249,1.0,0.9334,0.9885,1.0,0.9969
1,164565739,T,C,T,C,0.778954,0.9375,0.6312,0.7839,0.7814,0.7606999999999999
7,80393285,A,G,A,G,0.84345,0.7312000000000001,0.9563,0.8862,0.8336,0.8262
16,74824350,G,A,G,A,0.879193,0.998,0.7684,0.8847,0.8949,0.8456
1,109433615,G,T,G,T,0.9606629,0.9623,0.9523,0.9424,0.9955,0.9335
10,67535564,C,T,C,T,0.70607,0.8323,0.8559,0.7536,0.38349999999999995,0.8241
17,18792719,G,A,G,A,0.53754,0.6716,0.4423,0.4899,0.43720000000000003,0.6667000000000001
6,73418105,G,A,G,A,0.873802,0.9831,0.9235,0.9193,0.6678999999999999,0.956
6,51863638,T,A,T,A,0.634984,0.619,0.495,0.4135,0.8888,0.6093999999999999
17,2773399,T,A,T,A,0.785343,0.41669999999999996,0.9085,0.7565,0.9705,0.8088
11,97765524,T,C,T,C,0.46046299999999996,0.3056,0.492,0.32709999999999995,0.6664,0.40390000000000004
1,15651419,T,C,T,C,0.769768,0.9514,0.669,0.6744,0.8669,0.6227
5,99227810,C,T,C,T,0.821286,0.9643,0.8042,0.8674,0.6838,0.8446
12,93189057,T,A,T,A,0.53155,0.13190000000000002,0.6431,0.47550000000000003,0.8321000000000001,0.46220000000000006
1,45211750,G,A,G,A,0.9744409,0.9613,0.993,0.9712,0.9576,0.9939
9,124242016,C,T,C,T,0.13678100000000004,0.244,0.012900000000000023,0.22619999999999996,0.13390000000000002,0.09409999999999996
19,49445679,C,T,C,T,0.741214,0.4554,0.8241,0.7666,0.9319,0.6748000000000001
2,150432976,C,T,C,T,0.24041500000000005,0.124,0.10929999999999995,0.2046,0.5529999999999999,0.09819999999999995
6,5395873,C,T,C,T,0.745607,0.9196,0.6958,0.755,0.6293,0.7679
12,59753441,A,G,A,G,0.9892173,1.0,0.9771,0.9856,0.9985,0.9806
1,119573291,T,A,T,A,0.778754,0.5357000000000001,0.8062,0.5476,0.9894,0.8804
2,51703987,T,A,T,A,0.826478,0.7113,0.9384,0.9366,0.8517,0.7178
5,115619702,T,G,T,G,0.9033546,0.9583,0.9621999999999999,0.9683,0.7322,0.9714
5,173859657,C,T,C,T,0.258586,0.23309999999999997,0.3638,0.2911,0.24280000000000002,0.17479999999999996
20,59887553,G,T,G,T,0.46066300000000004,0.45630000000000004,0.3569,0.37029999999999996,0.6732,0.3487
8,1196164,A,G,A,G,0.783946,0.9187,0.8519,0.8804,0.5831999999999999,0.7781
4,147515302,C,T,C,T,0.9654553,0.999,0.8926000000000001,0.9496,0.9924,0.9806
13,27683792,A,G,A,G,0.9768371,1.0,0.9672,0.9251,0.9992,0.9693
15,22156454,T,C,T,C,0.873602,0.9018,0.9573,0.9496,0.6799999999999999,0.9663
3,66781683,A,G,A,G,0.9341054,0.9544,0.8996,0.964,0.9849,0.8589
3,70312293,C,T,C,T,0.15854599999999996,0.371,0.06559999999999999,0.0937,0.08699999999999997,0.17789999999999995
11,63773524,A,G,A,G,0.5814699999999999,0.8631,0.5527,0.7507,0.2723,0.6186
14,21042574,T,C,T,C,0.542133,0.4315,0.6143000000000001,0.5043,0.6225,0.5
9,7240105,C,T,C,T,0.837061,0.9831,0.7664,0.6931,0.9433,0.7178
2,141365260,A,G,A,G,0.43071099999999996,0.45630000000000004,0.33099999999999996,0.38470000000000004,0.46440000000000003,0.4939
8,13811341,A,G,A,G,0.866613,0.9206,0.9076,0.8357,0.7988,0.8824
13,60348458,C,G,C,G,0.9576677,0.8958,0.9901,0.9986,0.9834,0.9243
4,64063346,T,C,T,C,0.869409,0.8681,0.8549,0.8862,0.8888,0.8476
5,167674988,C,T,C,T,0.942492,0.9633,0.992,0.9798,0.8449,0.9755
10,4161357,G,A,G,A,0.17092700000000005,0.046599999999999975,0.06059999999999999,0.07640000000000002,0.46519999999999995,0.08179999999999998
19,1733509,A,C,A,C,0.9442891,0.998,0.9553,0.9798,0.8623000000000001,0.9632000000000001
20,38670627,G,A,G,A,0.705471,0.8115,0.7694,0.7781,0.5529999999999999,0.6851
17,46476403,C,A,C,A,0.815495,0.8988,0.7316,0.8343,0.9682,0.5961000000000001
1,227346060,G,C,G,C,0.20107799999999998,0.34230000000000005,0.1481,0.27090000000000003,0.08320000000000005,0.2198
6,52982348,C,A,C,A,0.9552716,0.9315,0.9722,0.9784,0.9349,0.9734
13,84478789,A,G,A,G,0.857228,1.0,0.9881,0.9625,0.5347999999999999,0.9366
16,8156772,T,C,T,C,0.15095800000000004,0.015900000000000025,0.24160000000000004,0.12819999999999998,0.13990000000000002,0.22799999999999998
3,186660315,A,G,A,G,0.9792332,0.999,0.9583,0.9669,0.9909,0.9734
12,23233101,C,T,C,T,0.9580671,0.875,0.9632000000000001,0.987,0.9924,0.9714
1,78269302,T,G,T,G,0.9726438,0.999,0.9851,0.9784,0.997,0.8956999999999999
5,30960998,G,T,G,T,0.9558706,0.9038,0.9821,0.9885,0.9349,0.9877
22,23055533,G,A,G,A,0.5151760000000001,0.2589,0.5845,0.6052,0.5545,0.591
18,14186153,T,C,T,C,0.77496,0.9206,0.6064,0.7925,0.9032,0.6125
4,88875599,T,G,T,G,0.9546725,0.999,0.9801,0.987,0.8661,0.9796
10,98582804,C,T,C,T,0.985024,1.0,0.9573,0.9827,0.9932,0.9888
22,32296587,C,T,C,T,0.8043130000000001,0.8899,0.9175,0.9222,0.5968,0.7965
3,20655583,C,A,C,A,0.9688498,0.9395,0.9891,0.9914,0.9796,0.9479
15,52191143,G,A,G,A,0.6829069999999999,0.7242,0.5845,0.6254,0.7451,0.6984
4,90744170,A,T,A,T,0.891973,0.999,0.7008,0.8501,0.9675,0.9059
12,38907538,A,T,A,T,0.9574681,0.997,0.8897,0.9409,0.9947,0.9479
3,133700859,C,G,C,G,0.723043,0.75,0.6103000000000001,0.5865,0.792,0.8149
2,225621330,T,G,T,G,0.9840256000000001,1.0,0.9682,0.9899,0.997,0.9621999999999999
6,58658650,G,T,G,T,0.761182,0.6845,0.8210999999999999,0.8429,0.7458,0.7413000000000001
6,126349980,T,G,T,G,0.14656499999999995,0.0030000000000000027,0.32499999999999996,0.16859999999999997,0.07189999999999996,0.19630000000000003
22,29108229,A,G,A,G,0.317692,0.17159999999999997,0.31710000000000005,0.35450000000000004,0.5287,0.15749999999999997
10,48976649,A,G,A,G,0.9796326,0.998,0.9682,0.9669,0.9871,0.9714
7,130153973,T,C,T,C,0.9738419,0.9385,0.9722,0.9841,0.9992,0.9703
7,104192719,C,G,C,G,0.647364,0.8224,0.6859,0.7392000000000001,0.37749999999999995,0.727
1,1892048,G,C,G,C,0.41094200000000003,0.4226,0.4095,0.4294,0.4175,0.37829999999999997
17,47546110,G,T,G,T,0.502196,0.34919999999999995,0.5,0.46540000000000004,0.6157,0.5347999999999999
10,37545847,G,A,G,A,0.9388978,1.0,0.9125,0.9438,0.9024,0.9489
17,39608549,C,T,C,T,0.5792729999999999,0.47619999999999996,0.5606,0.43520000000000003,0.6860999999999999,0.6626000000000001
4,156261873,G,A,G,A,0.260783,0.07340000000000002,0.4394,0.44810000000000005,0.045399999999999996,0.4284
21,17757326,A,G,A,G,0.46066300000000004,0.13,0.6719999999999999,0.46830000000000005,0.6036,0.38549999999999995
3,138841476,T,C,T,C,0.27436099999999997,0.04369999999999996,0.2227,0.20750000000000002,0.6293,0.13290000000000002
3,32159162,T,C,T,C,0.744209,0.9226,0.4384,0.5807,0.9523,0.7096
22,28933109,G,A,G,A,0.9790335,1.0,0.9871,0.9856,0.938,1.0
21,31800863,T,C,T,C,0.448882,0.7242,0.4264,0.35729999999999995,0.3548,0.38039999999999996
3,186994350,C,T,C,T,0.892772,0.8859,0.9115,0.8976999999999999,0.8797,0.8947
3,115406984,C,T,C,T,0.9269169,0.999,0.9394,0.9467,0.8661,0.908
11,80994567,A,G,A,G,0.9472843,0.999,0.9662,0.9755,0.9039,0.9131
13,105150072,T,G,T,G,0.22983200000000004,0.15180000000000005,0.3618,0.20889999999999997,0.15810000000000002,0.2863
6,43953671,G,A,G,A,0.686502,0.5952,0.7833,0.7161,0.6369,0.727
4,65149640,T,A,T,A,0.420527,0.2976,0.25349999999999995,0.33720000000000006,0.7821,0.2894
2,8195030,A,C,A,C,0.815296,0.9454,0.6879,0.7032,0.8805000000000001,0.8037
3,131062131,T,C,T,C,0.8262780000000001,0.7102999999999999,0.9493,0.83,0.7489,0.9213
6,115121476,G,A,G,A,0.9376997,0.9692,0.8718,0.8976999999999999,0.9788,0.9458
12,71524042,C,G,C,G,0.723642,0.6577,0.6013999999999999,0.7651,0.8381000000000001,0.7331
13,80633350,T,C,T,C,0.903155,0.8849,0.8956,0.9480999999999999,0.9909,0.7791
12,119917880,A,G,A,G,0.9794329,0.999,0.9344,0.9582,0.9992,0.9939
19,43932157,C,A,C,A,0.687101,0.3929,0.9453,0.7925,0.7088,0.6207
17,4961187,C,T,C,T,0.764776,0.8145,0.5755,0.5836,0.9592,0.774
3,58422128,C,T,C,T,0.23702100000000004,0.19440000000000002,0.19089999999999996,0.26949999999999996,0.31389999999999996,0.20140000000000002
15,80030508,C,T,C,T,0.885184,0.8065,0.9533,0.9697,0.8782,0.8456
3,139563782,T,C,T,C,0.898562,0.9573,0.8608,0.9409,0.8941,0.8528
10,62143794,C,T,C,T,0.9111422,0.9851,0.8728,0.9193,0.916,0.862
14,65124096,G,A,G,A,0.9450879,0.9871,0.8718,0.9323,0.9766,0.9438
3,195033876,T,G,T,G,0.9456869,0.872,0.9881,0.9178999999999999,0.9992,0.9254
7,28481102,T,C,T,C,0.697484,0.9683,0.6093,0.6124,0.6747000000000001,0.6002000000000001
6,99353272,A,G,A,G,0.735224,0.9692,0.6103000000000001,0.7349,0.618,0.7812
3,64316205,G,A,G,A,0.738019,0.41469999999999996,0.9404,0.9035,0.6762,0.8291999999999999
2,2730741,T,G,T,G,0.845248,1.0,0.6839,0.7939,0.8729,0.8507
8,1260603,A,C,A,C,0.9858227,1.0,0.9702,0.9899,0.9977,0.9683
8,144628208,A,G,A,G,0.798922,0.9196,0.8022,0.7291000000000001,0.7784,0.7484999999999999
4,121877139,C,T,C,T,0.9458866,0.9057999999999999,0.9115,0.9337,0.9955,0.9642
10,72310612,G,C,G,C,0.35902599999999996,0.023800000000000043,0.40759999999999996,0.2622,0.5946,0.40490000000000004
3,167426000,C,A,C,A,0.8123,0.9802,0.7416,0.8804,0.6225,0.9202
10,92177348,T,C,T,C,0.859824,0.997,0.6968,0.7017,0.9894,0.8230999999999999
1,12825650,G,A,G,A,0.9650559,0.9325,0.9801,0.9856,0.9856,0.9407
14,47081319,T,G,T,G,0.9195288,0.999,0.8569,0.8285,0.9864,0.8763
10,76961332,C,A,C,A,0.661342,0.3869,0.7385999999999999,0.5937,0.8215,0.6962999999999999
16,84701712,T,C,T,C,0.45087900000000003,0.4464,0.5457000000000001,0.5202,0.42210000000000003,0.3476
1,87123789,A,T,A,T,0.88778,0.9375,0.831,0.9006,0.8684000000000001,0.9121
18,46427969,C,A,C,A,0.9365016,0.9792,0.8678,0.9265,0.997,0.8885
2,13691882,A,T,A,T,0.9660543,0.9931,0.9761,0.9885,0.9569,0.9243
16,54515233,C,T,C,T,0.9760383,1.0,0.9493,0.9741,0.9985,0.9499
10,81349777,C,G,C,G,0.9049521,0.9821,0.9324,0.853,0.9319,0.7975
9,90364705,A,G,A,G,0.9115415,0.7133,0.9761,0.8934,0.997,0.9468
8,141230237,A,C,A,C,0.9660543,1.0,0.9791,0.9827,0.9002,0.9949
14,102005003,A,G,A,G,0.9259185,0.994,0.9463,0.9452,0.848,0.9264
10,89163718,G,A,G,A,0.89357,0.996,0.9364,0.9438,0.7179,0.9458
5,36576897,G,A,G,A,0.778954,0.9177,0.834,0.8631,0.44020000000000004,0.9775
2,218050827,A,C,A,C,0.786342,0.5794,0.8588,0.7666,0.8495,0.8538
10,107944516,C,A,C,A,0.9872204,1.0,0.9583,0.9813,0.9985,0.9928
1,76751618,C,T,C,T,0.755192,0.499,0.8082,0.696,0.9742999999999999,0.7106
1,245197713,G,A,G,A,0.9412939,0.9821,0.9463,0.9741,0.8722,0.9642
5,144103375,A,G,A,G,0.838858,0.9048,0.6909000000000001,0.6671,0.9561,0.8865
14,87894132,A,G,A,G,0.9582668,0.998,0.9601999999999999,0.9827,0.8941,0.9847
9,23095423,T,A,T,A,0.9121406,0.9335,0.9652000000000001,0.9164,0.8442000000000001,0.9243
1,221997604,G,A,G,A,0.739816,0.5187999999999999,0.7296,0.7896,0.9576,0.6483
7,138403329,C,A,C,A,0.19588700000000003,0.21330000000000005,0.2863,0.22909999999999997,0.11719999999999997,0.16769999999999996
2,206842210,T,C,T,C,0.8206869999999999,0.8214,0.7416,0.8084,0.8374,0.8875
6,156679194,G,A,G,A,0.35762799999999995,0.2956,0.6073999999999999,0.38759999999999994,0.0998,0.4918
7,98676767,G,A,G,A,0.39736400000000005,0.495,0.3549,0.3991,0.2602,0.5245
4,11664714,C,T,C,T,0.5075879999999999,0.6081,0.4264,0.6195999999999999,0.49239999999999995,0.4284
8,2356884,A,C,A,C,0.9406949,1.0,0.9722,0.9697,0.8132,0.999
11,37295576,C,A,C,A,0.354433,0.2986,0.4911,0.36739999999999995,0.37749999999999995,0.23109999999999997
22,24556902,G,A,G,A,0.9029553,0.9236,0.9394,0.8876,0.8933,0.8681
9,79581294,G,C,G,C,0.697684,0.6359,0.6103000000000001,0.598,0.8911,0.6605
1,76351698,T,C,T,C,0.9498802,0.994,0.9563,0.9452,0.9062,0.9601
11,122544292,G,A,G,A,0.9672524,0.878,0.9891,0.9971,0.9955,0.9775
2,135432712,C,T,C,T,0.895767,0.9425,0.9076,0.9121,0.8949,0.8251999999999999
6,30788541,T,A,T,A,0.9802316,1.0,0.9871,0.987,0.9418,1.0
22,30557281,C,T,C,T,0.8398559999999999,0.9236,0.7266,0.7017,0.9508,0.8180000000000001
2,164505477,A,T,A,T,0.24021599999999999,0.20340000000000003,0.22760000000000002,0.18589999999999995,0.25639999999999996,0.30779999999999996
3,32785017,A,G,A,G,0.9390974,0.9395,0.9513,0.9524,0.9085,0.9581
2,45737079,G,C,G,C,0.9119409,1.0,0.9404,0.902,0.7995,0.9509
4,43207474,G,A,G,A,0.36861,0.41769999999999996,0.26139999999999997,0.3617,0.49319999999999997,0.26480000000000004
7,13815500,C,A,C,A,0.876597,0.9931,0.7903,0.889,0.9002,0.8047
9,80059035,T,C,T,C,0.32647800000000005,0.33530000000000004,0.4205,0.32130000000000003,0.2118,0.37929999999999997
11,26334247,T,C,T,C,0.7531950000000001,0.8542,0.5855,0.7176,0.8699,0.6892
14,79502470,C,G,C,G,0.654153,0.8125,0.6699999999999999,0.5274,0.5567,0.6962999999999999
15,46273706,A,T,A,T,0.871006,0.994,0.7475,0.8573,0.8608,0.8947
17,32018335,G,A,G,A,0.875,0.8075,0.8658,0.8732,0.9448,0.8609
4,39034116,C,T,C,T,0.842452,0.9871,0.8648,0.8976999999999999,0.6293,0.9192
6,33103930,T,C,T,C,0.742612,0.8264,0.7664,0.853,0.7247,0.5777
3,27449163,T,C,T,C,0.8148960000000001,0.8264,0.839,0.7219,0.9145,0.7096
7,63819324,T,G,T,G,0.36741199999999996,0.378,0.4185,0.43799999999999994,0.12409999999999999,0.5828
12,1526466,A,G,A,G,0.871605,0.9077,0.9642,0.9467,0.6914,0.9294
5,75837477,T,C,T,C,0.34984000000000004,0.28369999999999995,0.5327999999999999,0.36019999999999996,0.3457,0.22799999999999998
2,131692738,C,T,C,T,0.44428900000000004,0.17859999999999998,0.3012,0.27090000000000003,0.8858,0.39159999999999995
14,61297111,G,C,G,C,0.9652556,0.999,0.9145,0.9625,0.9962,0.9427
21,47851175,A,G,A,G,0.9770367,0.999,0.9314,0.9697,0.9849,0.9959
4,30329437,T,C,T,C,0.8512379999999999,0.6419,0.9135,0.8487,0.9145,0.9192
1,103498601,T,C,T,C,0.9177316,0.9325,0.9304,0.9582,0.8676,0.9284
19,48520978,G,A,G,A,0.9740415,0.996,0.9851,0.987,0.947,0.9673
10,32850569,A,G,A,G,0.834665,0.8274,0.9125,0.7579,0.9107,0.7137
12,70614553,T,C,T,C,0.885783,0.9931,0.8777,0.9164,0.7693,0.9192
9,115610148,T,C,T,C,0.18071099999999996,0.20340000000000003,0.16700000000000004,0.1744,0.2126,0.13290000000000002
6,9492718,A,C,A,C,0.650359,0.505,0.663,0.6686000000000001,0.7579,0.6288
1,167559890,T,C,T,C,0.63778,0.5774,0.45430000000000004,0.5403,0.7912,0.7505
6,9175369,T,C,T,C,0.9147364,0.9008,0.9771,0.9769,0.8207,0.9479
5,26196384,T,C,T,C,0.9005591,1.0,0.8499,0.9035,0.8548,0.91
15,46641866,G,A,G,A,0.589657,0.8175,0.4314,0.5489999999999999,0.5159,0.6462
9,4047495,C,G,C,G,0.741414,0.7391,0.5933999999999999,0.7565,0.9607,0.589
22,49049004,C,T,C,T,0.308107,0.23509999999999998,0.3032,0.26080000000000003,0.4849,0.18300000000000005
3,149430501,A,G,A,G,0.77516,0.747,0.6213,0.7493000000000001,0.9705,0.7168
13,65169324,C,G,C,G,0.61222,0.629,0.7087,0.6598999999999999,0.4478,0.6839999999999999
16,65977296,C,G,C,G,0.9273163,0.9931,0.8926000000000001,0.9568,0.8669,0.956
8,80555768,T,G,T,G,0.9414936,0.999,0.8499,0.928,0.9902,0.9202
4,9610873,G,T,G,T,0.898962,0.8482000000000001,0.9662,0.8357,0.975,0.8241
11,77502632,T,C,T,C,0.8065100000000001,0.8244,0.9016,0.7867,0.6838,0.8701
4,96760894,G,A,G,A,0.820487,0.4881,0.9881,0.9265,0.9123,0.7914
7,53173269,A,T,A,T,0.882788,0.9752,0.7753,0.8545,0.8903,0.908
13,94564333,G,A,G,A,0.9882188,0.999,0.9632000000000001,0.9841,0.9992,0.9908
7,62158984,A,T,A,T,0.9732428,1.0,0.9702,0.8876,1.0,0.9734
9,26276483,G,A,G,A,0.9382987,1.0,0.9414,0.8833,0.9002,0.9621999999999999
16,51401342,C,T,C,T,0.9478834,0.9087,0.9672,0.9712,0.9175,0.9928
5,78099716,T,C,T,C,0.9337061,0.8938,0.9344,0.9107,0.9932,0.91
7,143753348,G,A,G,A,0.32547899999999996,0.33730000000000004,0.498,0.255,0.13239999999999996,0.4468
10,4527027,T,C,T,C,0.712061,0.7976,0.6133,0.5792999999999999,0.8699,0.6063000000000001
5,19408240,A,G,A,G,0.894569,0.9435,0.9354,0.9308,0.8722,0.8067
7,155881858,C,T,C,T,0.425319,0.34819999999999995,0.6869000000000001,0.5186999999999999,0.25949999999999995,0.39370000000000005
16,19236698,A,C,A,C,0.12739599999999995,0.10119999999999996,0.23660000000000003,0.18159999999999998,0.037799999999999945,0.12470000000000003
6,121681947,C,T,C,T,0.77496,0.8938,0.8926000000000001,0.8818,0.46440000000000003,0.8753
5,72024055,C,T,C,T,0.808107,0.8512,0.8698,0.8429,0.7579,0.7434000000000001
2,171273706,A,G,A,G,0.740615,0.47919999999999996,0.8280000000000001,0.8271,0.8888,0.6585
10,9980705,T,C,T,C,0.507188,0.621,0.45230000000000004,0.5043,0.40769999999999995,0.5828
1,75175262,A,G,A,G,0.747204,0.6548,0.7565,0.8112,0.8601,0.635
1,47116439,C,T,C,T,0.750998,0.5754,0.9841,0.9323,0.5371,0.8528
3,84594837,G,T,G,T,0.573882,0.6042000000000001,0.7028,0.5865,0.45920000000000005,0.5562
8,5553100,G,C,G,C,0.9135383,0.9474,0.9294,0.9496,0.9274,0.8180000000000001
21,37447025,T,C,T,C,0.40395400000000004,0.6687000000000001,0.39359999999999995,0.4366,0.19889999999999997,0.39570000000000005
8,96009127,G,A,G,A,0.9283147,1.0,0.9533,0.9409,0.8071,0.9836
13,103612898,G,A,G,A,0.9704473,0.996,0.9652000000000001,0.9553,0.9637,0.9693
19,46657986,G,A,G,A,0.9466853,0.9345,0.9821,0.9597,0.9213,0.9479
5,29321149,G,T,G,T,0.9764377,1.0,0.9264,0.9813,0.9902,0.9816
13,22796866,A,G,A,G,0.9432907,0.8869,0.9891,0.9885,0.9357,0.9325
12,72226611,C,A,C,A,0.47104599999999996,0.3135,0.8150999999999999,0.5908,0.21330000000000005,0.5428999999999999
6,69102177,T,A,T,A,0.521366,0.6548,0.3042,0.40349999999999997,0.8101,0.3006
11,118914388,G,C,G,C,0.485024,0.27180000000000004,0.508,0.6614,0.5779000000000001,0.4305
5,85267381,A,C,A,C,0.371406,0.3839,0.2793,0.18730000000000002,0.5461,0.3476
1,18702487,C,G,C,G,0.813898,0.6944,0.8966,0.8112,0.8351,0.8251999999999999
5,52744031,G,A,G,A,0.870208,0.9752,0.6739999999999999,0.7536,0.9675,0.9151
17,51361456,T,C,T,C,0.505192,0.3125,0.6262,0.6412,0.4728,0.5266
2,45796067,A,T,A,T,0.8093049999999999,0.8532,0.9274,0.8343,0.6188,0.8824
15,84518711,A,C,A,C,0.866613,0.6429,0.8718,0.9424,0.9629,0.908
9,113034055,T,A,T,A,0.9365016,0.9296,0.9006,0.9366,0.9939,0.9029
5,58260407,C,T,C,T,0.836062,0.8006,0.841,0.8026,0.8502000000000001,0.8722
4,157551164,C,T,C,T,0.705471,0.6835,0.7464999999999999,0.6354,0.7050000000000001,0.7362
6,92111218,C,T,C,T,0.42232400000000003,0.2589,0.5626,0.3833,0.472,0.40700000000000003
10,76545947,A,G,A,G,0.55611,0.6815,0.8956,0.6699999999999999,0.19140000000000001,0.4898
11,13574652,C,A,C,A,0.839058,0.9415,0.6441,0.7983,0.9327,0.8364
4,126749816,C,T,C,T,0.18630199999999997,0.22619999999999996,0.2217,0.15990000000000004,0.04690000000000005,0.31599999999999995
8,128368513,C,T,C,T,0.526957,0.5298,0.46120000000000005,0.5892999999999999,0.5537000000000001,0.5112
13,51719683,G,C,G,C,0.546326,0.6776,0.5427,0.5014000000000001,0.4576,0.5665
5,156297916,A,C,A,C,0.9420927,0.9782,0.8618,0.9236,0.9924,0.9325
2,117184780,A,G,A,G,0.63778,0.34130000000000005,0.6103000000000001,0.7349,0.8631,0.5982000000000001
1,30844351,C,A,C,A,0.779952,0.7877000000000001,0.8658,0.8818,0.7209,0.6912
12,108888156,C,A,C,A,0.608427,0.5129,0.5188999999999999,0.4135,0.8048,0.6718
2,151970391,T,C,T,C,0.682308,0.5872999999999999,0.6799,0.7363,0.789,0.6002000000000001
13,62229209,C,A,C,A,0.890974,0.999,0.9105,0.8948,0.7292000000000001,0.9755
8,52760630,G,A,G,A,0.9560703,0.998,0.9016,0.9467,0.9834,0.9387
6,32516441,A,G,A,G,0.9754393,0.9494,0.9821,0.9611,0.9841,0.9939
10,125356980,G,A,G,A,0.26797099999999996,0.11309999999999998,0.33799999999999997,0.3012,0.3207,0.26070000000000004
12,130580012,G,T,G,T,0.621006,0.4484,0.5795,0.7608,0.6233,0.7393000000000001
2,51546600,A,T,A,T,0.604034,0.6012,0.6203000000000001,0.5548,0.5938,0.6391
5,54777403,T,C,T,C,0.18769999999999998,0.3125,0.09540000000000004,0.09509999999999996,0.2905,0.08079999999999998
20,46797819,T,C,T,C,0.867612,0.8919,0.7913,0.8674,0.9259,0.8425
1,236967816,T,G,T,G,0.9041534,0.9464,0.9742,0.9582,0.792,0.9018
14,101118455,T,C,T,C,0.629393,0.8968,0.2952,0.598,0.7262,0.589
6,158075559,C,T,C,T,0.9670527,1.0,0.9891,0.9899,0.8896,0.999
9,83280926,T,C,T,C,0.5684899999999999,0.4484,0.6233,0.48850000000000005,0.7935,0.38849999999999996
1,85457361,T,C,T,C,0.08466499999999999,0.006000000000000005,0.02090000000000003,0.02739999999999998,0.2549,0.04190000000000005
13,73447930,T,C,T,C,0.9834265,1.0,0.9662,0.9654,0.9977,0.9775
2,30980229,C,T,C,T,0.874401,0.7679,0.9165,0.8098,0.9758,0.8497
8,70073763,A,C,A,C,0.661941,0.5734,0.7048,0.6441,0.6664,0.7157
11,125394048,G,A,G,A,0.05630999999999997,0.0030000000000000027,0.09150000000000003,0.06340000000000001,0.07410000000000005,0.04600000000000004
19,5618654,C,T,C,T,0.9458866,0.9821,0.9364,0.9467,0.9773,0.8753
1,85927879,A,G,A,G,0.651957,0.6042000000000001,0.7117,0.6715,0.6914,0.5726
5,134842806,C,T,C,T,0.45846600000000004,0.6042000000000001,0.6083000000000001,0.6225,0.1725,0.4243
9,72146272,A,C,A,C,0.9426917,1.0,0.9433,0.964,0.8843,0.9468
8,82470661,C,G,C,G,0.9400958,0.9127,0.9344,0.9654,0.9909,0.8875
5,38037525,G,A,G,A,0.8626199999999999,0.9722,0.9672,0.938,0.5771999999999999,0.9744
17,11811851,A,T,A,T,0.8362620000000001,0.9623,0.8509,0.7507,0.7223999999999999,0.9059
4,27096261,A,G,A,G,0.22464099999999998,0.08630000000000004,0.4304,0.20750000000000002,0.12860000000000005,0.2975
10,91941009,C,T,C,T,0.9896166,1.0,0.9831,0.9899,0.9992,0.9724
3,15482832,C,G,C,G,0.9552716,1.0,0.992,0.9798,0.8487,0.998
10,109866164,T,C,T,C,0.9462859,0.9157,0.9205,0.9480999999999999,0.9932,0.9397
8,109381067,A,G,A,G,0.816294,0.9563,0.9324,0.9178999999999999,0.5468999999999999,0.8446
4,66184189,A,G,A,G,0.8626199999999999,0.9752,0.8529,0.7882,0.7595000000000001,0.9489
2,23260053,A,G,A,G,0.677716,0.7986,0.503,0.6715,0.8313,0.5297000000000001
21,20612884,A,C,A,C,0.64377,0.6141,0.7356,0.6715,0.4766,0.7863
5,120652380,A,C,A,C,0.801118,0.999,0.7424999999999999,0.8256,0.7958000000000001,0.6472
18,68203074,G,C,G,C,0.9355032,0.9435,0.9453,0.9539,0.9024,0.9489
12,41615108,T,C,T,C,0.9388978,0.8343,0.9682,0.9294,0.9992,0.9417
4,117331598,C,T,C,T,0.880192,0.9286,0.8907,0.8472999999999999,0.8351,0.9039
5,20505252,C,A,C,A,0.5215650000000001,0.40869999999999995,0.4861,0.4726,0.6142000000000001,0.5838
10,120436735,G,C,G,C,0.84405,0.7767999999999999,0.9066,0.732,0.8714,0.8916
6,118326238,G,C,G,C,0.780351,0.6667000000000001,0.7624,0.8271,0.7829,0.8793
2,96391109,A,C,A,C,0.6998800000000001,0.5556,0.6679999999999999,0.5749,0.8064,0.8262
10,38967875,C,T,C,T,0.529752,0.47419999999999995,0.499,0.47119999999999995,0.49470000000000003,0.7076
5,96570767,C,A,C,A,0.03254800000000002,0.05159999999999998,0.02190000000000003,0.02310000000000001,0.035599999999999965,0.026599999999999957
5,125898117,G,A,G,A,0.9734425,0.9782,0.9881,0.9899,0.9304,1.0
5,81969112,A,T,A,T,0.690895,0.3661,0.7424999999999999,0.6628000000000001,0.9047000000000001,0.7035
14,102462528,G,A,G,A,0.746406,0.749,0.9105,0.8386,0.5589999999999999,0.7628
21,34549991,G,C,G,C,0.9586661,1.0,0.9046,0.9395,0.9947,0.9366
2,9811980,A,C,A,C,0.57508,0.3056,0.5765,0.37749999999999995,0.8858,0.5716
10,69005693,T,C,T,C,0.9382987,0.998,0.9761,0.9914,0.947,0.7883
3,7032338,T,C,T,C,0.793131,0.7312000000000001,0.9493,0.8098,0.6392,0.8926000000000001
4,32596866,G,A,G,A,0.9321086,0.9881,0.8777,0.9222,0.9455,0.9192
17,26137540,C,T,C,T,0.44129399999999996,0.248,0.39070000000000005,0.37460000000000004,0.7852,0.2751
1,6604607,C,A,C,A,0.281749,0.23209999999999997,0.18689999999999996,0.19310000000000005,0.46440000000000003,0.24639999999999995
18,40677786,G,A,G,A,0.846046,0.6508,0.9125,0.7968,0.9236,0.909
14,63820672,C,T,C,T,0.817891,0.6935,0.9066,0.8732,0.7867,0.8579
11,13644374,T,C,T,C,0.9219249,0.998,0.8956,0.9409,0.9342,0.8405
3,164120142,G,T,G,T,0.580272,0.6429,0.6699999999999999,0.5245,0.42810000000000004,0.6687000000000001
3,121288896,A,G,A,G,0.877596,0.9008,0.8519,0.9294,0.8608,0.8661
14,74272495,G,A,G,A,0.661142,0.46230000000000004,0.7247,0.7248,0.8449,0.5072
4,125062650,G,T,G,T,0.785743,0.7162999999999999,0.7624,0.7867,0.9569,0.6493
6,25222505,T,C,T,C,0.49261200000000005,0.29269999999999996,0.3628,0.49860000000000004,0.8336,0.3671
2,53792994,C,T,C,T,0.03434499999999996,0.0,0.10640000000000005,0.043200000000000016,0.0022999999999999687,0.03269999999999995
6,7650024,C,T,C,T,0.9147364,0.998,0.7863,0.8818,0.9584,0.9254
10,44885751,T,C,T,C,0.583866,0.7758,0.40359999999999996,0.366,0.6702,0.6093999999999999
3,136894133,C,T,C,T,0.378594,0.48019999999999996,0.47219999999999995,0.39049999999999996,0.23219999999999996,0.3671
13,109257255,T,C,T,C,0.9382987,0.9772,0.9284,0.8631,0.9781,0.908
6,8453858,G,A,G,A,0.347843,0.16269999999999996,0.3688,0.3012,0.44399999999999995,0.4202
15,97138656,G,A,G,A,0.628395,0.8244,0.4274,0.6138,0.6286,0.6431
4,116803774,G,A,G,A,0.19688499999999998,0.13390000000000002,0.19179999999999997,0.2349,0.16720000000000002,0.2802
6,158155535,T,C,T,C,0.801717,0.997,0.7694,0.8156,0.6678999999999999,0.8047
18,40190981,C,G,C,G,0.88119,0.6974,0.9841,0.8732,0.8699,0.9857
4,74659279,G,A,G,A,0.9858227,1.0,0.9692,0.9841,0.9932,0.9796
5,169404088,C,T,C,T,0.791134,0.9018,0.5895,0.7622,0.8525,0.8221
3,142813036,G,A,G,A,0.258586,0.2579,0.37870000000000004,0.2824,0.05369999999999997,0.39570000000000005
18,66139045,T,C,T,C,0.7851440000000001,0.6081,0.8588,0.8559,0.789,0.8364
5,162547907,C,T,C,T,0.9396965,0.879,0.9463,0.9438,0.997,0.9151
12,88769443,C,G,C,G,0.167732,0.015900000000000025,0.0696,0.0706,0.4395,0.12680000000000002
2,10005959,A,T,A,T,0.821286,0.7341,0.7634,0.817,0.9539,0.7945
20,18234067,G,T,G,T,0.767173,0.8562,0.671,0.6816,0.7693,0.8323
18,6501239,C,A,C,A,0.9768371,1.0,0.9642,0.9697,0.9856,0.9591
18,52288911,A,G,A,G,0.217252,0.252,0.2962,0.36739999999999995,0.04310000000000003,0.22899999999999998
22,23600879,C,T,C,T,0.9876198,1.0,0.9712,0.9914,0.9849,0.9928
1,198705101,T,G,T,G,0.757788,0.7629,0.8837,0.6988,0.6694,0.7843
1,7185385,T,A,T,A,0.9852236,1.0,0.9761,0.9841,0.9992,0.9611
19,18620405,A,G,A,G,0.839457,0.9603,0.9016,0.9121,0.6218,0.8936999999999999
7,123907564,T,A,T,A,0.828275,0.7004,0.8429,0.7925,0.9463,0.8108
5,25340617,A,C,A,C,0.8454470000000001,0.7679,0.8608,0.8026,0.9561,0.7904
5,126142260,C,T,C,T,0.816893,0.7292000000000001,0.8002,0.7478,0.9327,0.817
2,159466014,T,G,T,G,0.155551,0.025800000000000045,0.09640000000000004,0.10809999999999997,0.3964,0.05830000000000002
6,1747464,T,G,T,G,0.516174,0.33830000000000005,0.5109,0.5274,0.7239,0.4162
10,110445506,G,A,G,A,0.9698482,1.0,0.9185,0.9467,0.9826,0.9908
14,48223937,C,A,C,A,0.838059,0.6339,0.9066,0.9323,0.9584,0.7484999999999999
3,94062745,A,T,A,T,0.27815500000000004,0.14680000000000004,0.2127,0.19599999999999995,0.4728,0.2761
7,124621992,G,A,G,A,0.460264,0.4494,0.47419999999999995,0.4669,0.4887,0.4141
4,117868799,T,C,T,C,0.5281549999999999,0.6022000000000001,0.505,0.43799999999999994,0.5234,0.546
16,82191447,T,G,T,G,0.753794,0.7173,0.84,0.8343,0.7368,0.6687000000000001
2,115508903,A,G,A,G,0.9299121,0.9792,0.9592,0.9452,0.8873,0.8956999999999999
11,124775114,G,T,G,T,0.9137379999999999,1.0,0.9881,0.9798,0.6936,0.999
3,80674048,C,G,C,G,0.742612,0.6706,0.6531,0.7795,0.8260000000000001,0.7699
22,19378110,G,A,G,A,0.9390974,0.9534,0.9066,0.9207,0.9402,0.9693
2,51082704,G,A,G,A,0.9794329,1.0,0.9483,0.9798,0.9977,0.9652000000000001
19,55491695,C,T,C,T,0.9079473,0.9573,0.7505,0.8602,0.9864,0.9468
4,79723487,G,C,G,C,0.883586,0.756,0.9553,0.9496,0.8926000000000001,0.8824
8,17090145,T,G,T,G,0.9784345,1.0,0.9304,0.9582,0.997,0.9949
5,17332822,C,T,C,T,0.839257,0.8839,0.8996,0.9063,0.6793,0.8998
1,20693834,G,T,G,T,0.794529,0.5774,0.8181,0.7767,0.9592,0.7843
17,75148518,T,C,T,C,0.402756,0.3204,0.3579,0.34730000000000005,0.48260000000000003,0.46519999999999995
10,107177023,A,C,A,C,0.8568290000000001,1.0,0.836,0.7565,0.8381000000000001,0.8271999999999999
17,38245276,G,T,G,T,0.9337061,0.998,0.9583,0.9669,0.8336,0.954
3,105248666,C,T,C,T,0.9484824000000001,0.9573,0.8926000000000001,0.9496,0.9909,0.9387
10,90820832,A,C,A,C,0.9840256000000001,1.0,0.9751,0.9885,0.9992,0.953
10,107757076,T,C,T,C,0.927516,0.8919,0.9364,0.9092,0.9425,0.9479
7,8425201,C,G,C,G,0.9736422,0.999,0.9503,0.9813,0.9992,0.9315
6,102837134,T,G,T,G,0.39756400000000003,0.10419999999999996,0.5149,0.34440000000000004,0.5477000000000001,0.4141
2,146519232,T,G,T,G,0.570487,0.40869999999999995,0.6123000000000001,0.5634,0.6436999999999999,0.6002000000000001
21,16998276,G,A,G,A,0.15435299999999996,0.1905,0.24550000000000005,0.14700000000000002,0.0514,0.16769999999999996
3,66392780,C,G,C,G,0.5976440000000001,0.3165,0.7068,0.5677,0.8177,0.499
8,61548546,T,G,T,G,0.418331,0.35219999999999996,0.48009999999999997,0.5159,0.3154,0.4928
1,111295948,G,A,G,A,0.20427300000000004,0.012900000000000023,0.2893,0.18159999999999998,0.29800000000000004,0.20350000000000001
6,13191924,A,G,A,G,0.613219,0.3909,0.6759,0.804,0.5053000000000001,0.7883
2,206048814,G,A,G,A,0.8420529999999999,0.9772,0.7416,0.8602,0.9017,0.7127
20,40815808,T,C,T,C,0.65615,0.6329,0.5785,0.6282,0.7496,0.6534
19,55201794,A,G,A,G,0.820088,0.9821,0.7694,0.8141,0.7315,0.8291999999999999
9,77822904,T,C,T,C,0.767572,0.6617,0.6968,0.6023000000000001,0.9365,0.8384
5,172518874,G,A,G,A,0.636981,0.8294,0.37870000000000004,0.5792999999999999,0.6936,0.6687000000000001
13,45995501,A,G,A,G,0.572484,0.7599,0.47709999999999997,0.5865,0.3933,0.7096
6,31264415,C,A,C,A,0.9838259,0.9603,0.9771,0.9971,0.9992,0.9847
6,40540482,T,C,T,C,0.519369,0.7173,0.5347999999999999,0.6744,0.27459999999999996,0.5204
13,110929822,G,A,G,A,0.6837059999999999,0.8968,0.5785,0.7089,0.5719000000000001,0.7055
6,131348395,C,T,C,T,0.9367013,0.7361,0.9881,0.9885,0.9992,0.9693
6,32757938,A,G,A,G,0.270367,0.2659,0.2873,0.3357,0.3026,0.16769999999999996
6,129993700,A,C,A,C,0.853634,0.8313,0.9314,0.938,0.77,0.8497
9,109770755,G,A,G,A,0.9169328999999999,0.999,0.9076,0.9092,0.8487,0.9397
2,221450214,T,C,T,C,0.704073,0.6508,0.8618,0.8127,0.6263000000000001,0.6247
12,40301720,C,T,C,T,0.485623,0.254,0.5606,0.6009,0.5756,0.4438
20,47912301,C,G,C,G,0.9588658,0.9286,0.9871,0.9654,0.9977,0.9039
14,92129688,A,C,A,C,0.17012799999999995,0.08130000000000004,0.2117,0.1542,0.2731,0.09099999999999997
8,1823301,C,T,C,T,0.9544728,0.9435,0.9771,0.9841,0.9349,0.9479
20,48775019,G,A,G,A,0.407748,0.47419999999999995,0.503,0.37749999999999995,0.2126,0.5266
11,70418437,G,T,G,T,0.802716,0.9544,0.7227,0.853,0.8192,0.6708000000000001
15,24046717,T,G,T,G,0.8660140000000001,0.9663,0.8698,0.8703,0.7133,0.9621999999999999
17,5955287,G,A,G,A,0.9830272,1.0,0.9732,0.928,0.9977,0.9949
14,104966414,C,A,C,A,0.678714,0.747,0.38870000000000005,0.6455,0.8865,0.6493
8,6558964,C,G,C,G,0.23102999999999996,0.256,0.31410000000000005,0.24060000000000004,0.01739999999999997,0.40180000000000005
5,27821431,G,A,G,A,0.88778,0.755,0.9036,0.9222,0.9138,0.9489
9,36907801,T,C,T,C,0.7262379999999999,0.47519999999999996,0.7594,0.6571,0.8926000000000001,0.7751
4,34658799,T,C,T,C,0.9608626,0.999,0.9601999999999999,0.9741,0.9387,0.9427
8,69675453,A,C,A,C,0.709864,0.8859,0.7664,0.7997,0.47350000000000003,0.726
1,241400662,G,A,G,A,0.8604229999999999,0.9484,0.7455,0.8084,0.8941,0.8793
3,68069384,C,A,C,A,0.966853,0.9137,0.9692,0.9769,0.9849,0.9877
12,23737991,C,G,C,G,0.864417,0.7847,0.8082,0.7161,0.9879,0.9427
5,55430558,C,A,C,A,0.9842252,1.0,0.9841,0.9438,0.9871,0.9928
2,149292175,G,A,G,A,0.735823,0.40580000000000005,0.8767,0.6571,0.9909,0.6421
17,78215566,T,G,T,G,0.755192,0.6537999999999999,0.7734,0.6023000000000001,0.9599,0.6728000000000001
2,113984303,T,C,T,C,0.615216,0.6667000000000001,0.6064,0.6296999999999999,0.6415,0.5256000000000001
11,134513587,C,T,C,T,0.9766374,0.999,0.9881,0.9885,0.9576,0.9591
20,48244074,T,A,T,A,0.511781,0.5179,0.46120000000000005,0.5461,0.6649,0.32620000000000005
8,28321449,T,C,T,C,0.9109425,0.994,0.9692,0.9798,0.7171000000000001,0.9785
2,118566265,T,C,T,C,0.9392971,0.997,0.9195,0.9323,0.8828,0.9816
2,169084859,T,C,T,C,0.35982400000000003,0.4524,0.2087,0.3329,0.40169999999999995,0.38239999999999996
3,72399570,C,G,C,G,0.66893,0.4891,0.7813,0.6744,0.6225,0.7975
1,3030101,G,A,G,A,0.888978,0.9048,0.8668,0.8847,0.9410000000000001,0.8282
19,32566896,G,A,G,A,0.714657,0.5258,0.7137,0.7161,0.8737,0.6942999999999999
16,72942328,C,T,C,T,0.9147364,0.9296,0.9314,0.9553,0.9206,0.8456
14,22340712,A,T,A,T,0.9123403,0.9375,0.9513,0.8401000000000001,0.9592,0.8344
1,114144404,T,C,T,C,0.700879,0.3601,0.7495,0.5892999999999999,0.9259,0.7771
7,85180214,A,G,A,G,0.677316,0.7986,0.7813,0.6124,0.5061,0.7229
6,142122165,C,A,C,A,0.868411,0.9474,0.7823,0.8559,0.8502000000000001,0.909
7,12198157,G,A,G,A,0.8752,0.9742,0.9115,0.9251,0.7489,0.8712
1,67451924,G,T,G,T,0.843251,0.8829,0.7365999999999999,0.8357,0.8608,0.8936999999999999
1,150737220,A,G,A,G,0.9782348,1.0,0.9235,0.9669,0.9992,0.9918
10,92724896,C,T,C,T,0.918131,0.9474,0.8002,0.9207,0.9894,0.911
6,10462175,T,C,T,C,0.389976,0.503,0.506,0.46109999999999995,0.22540000000000004,0.32620000000000005
21,38493669,A,G,A,G,0.9892173,0.999,0.9702,0.9856,0.9992,0.9877
1,65952428,A,G,A,G,0.518371,0.9127,0.39659999999999995,0.379,0.43489999999999995,0.44889999999999997
11,10562936,G,T,G,T,0.9071486,0.9931,0.8817,0.8026,0.9334,0.8834
19,56340752,T,C,T,C,0.827476,0.7727999999999999,0.9195,0.8228,0.7292000000000001,0.9254
11,107534153,A,G,A,G,0.18091100000000004,0.15180000000000005,0.26039999999999996,0.18879999999999997,0.025000000000000022,0.33440000000000003
5,87734426,A,G,A,G,0.800519,0.7738,0.7813,0.8833,0.7625,0.8405
14,33258553,C,T,C,T,0.772564,0.6497999999999999,0.7982,0.6383,0.8457,0.8691
7,37480159,G,A,G,A,0.729832,0.754,0.665,0.5836,0.7829,0.8037
19,43446854,T,C,T,C,0.9472843,0.999,0.8757,0.928,0.9924,0.9202
21,47479825,C,G,C,G,0.8125,0.5972,0.8539,0.9251,0.9826,0.6819999999999999
4,113672693,G,A,G,A,0.31070299999999995,0.09230000000000005,0.46220000000000006,0.28390000000000004,0.3336,0.3681
5,1121049,A,T,A,T,0.44349000000000005,0.5298,0.3738,0.4265,0.33430000000000004,0.5859
15,100528385,G,A,G,A,0.9738419,0.9395,0.9861,0.928,0.9985,0.9959
3,82098528,G,T,G,T,0.9259185,0.9216,0.9453,0.9452,0.8661,0.9775
13,28270611,C,T,C,T,0.613618,0.4881,0.5119,0.3761,0.8896,0.6431
9,8971282,T,C,T,C,0.21665299999999998,0.14680000000000004,0.3479,0.3026,0.15959999999999996,0.16969999999999996
1,28169402,A,G,A,G,0.8873800000000001,0.7321,0.9811,0.9654,0.885,0.8988
6,41259671,C,G,C,G,0.923123,0.997,0.993,0.9741,0.8026,0.9018
7,18125077,T,G,T,G,0.9770367,0.999,0.9493,0.9827,0.997,0.9519
2,82421938,G,A,G,A,0.45207699999999995,0.4325,0.47909999999999997,0.3862,0.4455,0.5
11,18461377,A,C,A,C,0.9464856,0.9603,0.9473,0.9207,0.9372,0.9621999999999999
20,11727679,T,C,T,C,0.9520767,1.0,0.9235,0.9582,0.9365,0.9489
10,26876769,T,C,T,C,0.799321,0.746,0.7634,0.7997,0.9508,0.6860999999999999
10,125134743,C,A,C,A,0.615615,0.3581,0.6173,0.5303,0.972,0.45809999999999995
4,14323235,G,A,G,A,0.9121406,0.9226,0.9811,0.9827,0.8215,0.9029
5,107270172,T,C,T,C,0.723642,0.9395,0.669,0.7968,0.4758,0.8405
6,107609481,T,C,T,C,0.9858227,1.0,0.9563,0.9697,0.9985,0.9959
3,196440935,G,A,G,A,0.5365420000000001,0.46919999999999995,0.6451,0.5735,0.48260000000000003,0.5408999999999999
22,47004593,C,T,C,T,0.9846246,1.0,0.9583,0.9841,1.0,0.9755
10,90500484,C,T,C,T,0.746406,0.6537999999999999,0.7863,0.7103999999999999,0.8109,0.7393000000000001
2,41315980,C,T,C,T,0.780751,0.9772,0.6024,0.598,0.9221,0.7004
4,39809407,G,T,G,T,0.9766374,0.9762,0.9851,0.9899,0.9992,0.9284
4,163902307,T,C,T,C,0.5329470000000001,0.7292000000000001,0.46020000000000005,0.5548,0.4766,0.46630000000000005
3,146084112,G,A,G,A,0.9692492,0.9792,0.9652000000000001,0.9121,0.9977,0.9652000000000001
4,42453108,C,G,C,G,0.9530751,1.0,0.9821,0.9769,0.9138,0.911
4,11931077,A,C,A,C,0.9714457,0.998,0.9374,0.9683,0.9758,0.9755
10,59075134,G,A,G,A,0.787939,0.9048,0.9583,0.7781,0.4939,0.8967
18,64772091,G,A,G,A,0.28813900000000003,0.33630000000000004,0.09150000000000003,0.18730000000000002,0.5605,0.1442
3,63402536,A,G,A,G,0.6815100000000001,0.4335,0.9294,0.9265,0.528,0.7157
9,28098226,G,C,G,C,0.05231600000000003,0.024800000000000044,0.046699999999999964,0.043200000000000016,0.118,0.0040999999999999925
19,40179756,G,A,G,A,0.568091,0.7937,0.6282,0.647,0.2943,0.5879
7,138000371,A,G,A,G,0.5167729999999999,0.6815,0.3608,0.5173,0.5892999999999999,0.40900000000000003
16,81845943,C,T,C,T,0.864018,0.9772,0.7167,0.8588,0.8828,0.8773
15,62643214,A,G,A,G,0.84365,0.7341,0.8161,0.7939,0.9932,0.8180000000000001
7,89650381,A,G,A,G,0.872404,0.5724,0.9911,0.8213,0.975,0.9571
2,3667871,T,G,T,G,0.27815500000000004,0.2996,0.2952,0.20750000000000002,0.3782,0.15339999999999998
7,17817182,A,C,A,C,0.830072,0.9246,0.7833,0.8127,0.8548,0.7597
5,125221373,C,T,C,T,0.6585460000000001,0.5575,0.7058,0.647,0.6725,0.7035
11,69454276,G,A,G,A,0.899361,0.9683,0.9672,0.9480999999999999,0.7874,0.8753
12,63580618,G,C,G,C,0.703275,0.8472,0.8688,0.9049,0.379,0.6799999999999999
13,20376612,C,T,C,T,0.9027556,0.9613,0.8608,0.8646,0.9047000000000001,0.91
4,94354659,C,T,C,T,0.27955300000000005,0.27680000000000005,0.3668,0.4121,0.15280000000000005,0.26990000000000003
1,54637915,C,T,C,T,0.201677,0.0050000000000000044,0.23660000000000003,0.11819999999999997,0.29579999999999995,0.3006
13,37886155,A,G,A,G,0.9478834,0.999,0.9195,0.8746,0.9781,0.9356
3,129082216,T,C,T,C,0.9532748,0.998,0.8797,0.9424,0.9864,0.9458
10,56188944,G,A,G,A,0.863219,0.9752,0.8628,0.8976999999999999,0.792,0.8200000000000001
15,55881659,T,A,T,A,0.9804313,0.999,0.9354,0.9697,0.9992,0.9898
2,172411737,C,A,C,A,0.35004,0.6042000000000001,0.33299999999999996,0.41500000000000004,0.18530000000000002,0.2822
3,52157726,A,C,A,C,0.833666,0.626,0.9324,0.7103999999999999,0.9637,0.8579
20,49191415,C,T,C,T,0.9752396,0.999,0.9235,0.9611,0.9962,0.9857
11,111226076,G,A,G,A,0.9670527,0.998,0.9553,0.9164,0.9796,0.9663
6,42281967,C,T,C,T,0.827875,0.5872999999999999,0.9621999999999999,0.9395,0.854,0.8230999999999999
2,1465591,T,C,T,C,0.38957699999999995,0.21530000000000005,0.45530000000000004,0.41500000000000004,0.37139999999999995,0.5082
20,24427737,C,T,C,T,0.261182,0.05559999999999998,0.2982,0.4827,0.28669999999999995,0.24339999999999995
5,2174115,A,T,A,T,0.865415,0.9752,0.7147,0.8415,0.91,0.864
7,35543769,G,C,G,C,0.700879,0.501,0.837,0.7219,0.8343,0.5716
3,55638519,T,C,T,C,0.821086,0.7996,0.9006,0.8444,0.8374,0.7229
10,63867523,A,C,A,C,0.7256389999999999,0.8194,0.7783,0.5821000000000001,0.7277,0.6738
14,72301471,G,A,G,A,0.865615,0.9831,0.7028,0.7133,0.9849,0.8589
6,90713555,T,C,T,C,0.887979,0.999,0.8907,0.9077999999999999,0.8306,0.8344
13,85851551,A,C,A,C,0.9436901,1.0,0.9493,0.9625,0.8888,0.9407
6,997800,G,A,G,A,0.899161,0.9246,0.9831,0.9654,0.7277,0.9714
8,86013161,T,C,T,C,0.9678514,0.9315,0.993,0.9885,0.9652000000000001,0.9683
9,875011,T,C,T,C,0.20187699999999997,0.14290000000000003,0.2744,0.17579999999999996,0.16869999999999996,0.25149999999999995
11,99134828,A,T,A,T,0.9221246,0.9315,0.9095,0.9395,0.9054,0.9356
9,135933761,C,T,C,T,0.808107,0.8432999999999999,0.667,0.7046,0.8737,0.9018
9,8741941,A,G,A,G,0.9127396,0.9702,0.9841,0.9712,0.739,0.9734
3,19685483,C,T,C,T,0.25,0.2609,0.3052,0.28390000000000004,0.025699999999999945,0.46109999999999995
3,73982358,G,T,G,T,0.877995,0.9266,0.9384,0.879,0.73,0.9652000000000001
2,80029042,C,T,C,T,0.89377,0.8849,0.8837,0.7608,0.9682,0.907
21,20477611,G,A,G,A,0.9179313,1.0,0.9891,0.9726,0.7496,0.9489
1,57148621,G,A,G,A,0.8718049999999999,0.8522000000000001,0.8837,0.8963,0.9939,0.6973
11,33005442,T,C,T,C,0.985024,1.0,0.9751,0.9914,0.9947,0.9621999999999999
8,96371618,A,G,A,G,0.692292,0.876,0.6998,0.8141,0.4879,0.6851
15,66222905,G,A,G,A,0.9818291,0.999,0.9513,0.9928,0.9985,0.9652000000000001
19,2361748,G,A,G,A,0.9057508,1.0,0.8986,0.9265,0.7731,0.9806
2,79563802,A,G,A,G,0.9151358,0.997,0.8579,0.8963,0.8797,0.9509
4,21592516,G,T,G,T,0.9195288,0.9712,0.9632000000000001,0.9769,0.8548,0.8681
5,6313152,G,A,G,A,0.721446,0.6617,0.7157,0.5317000000000001,0.8767,0.7137
4,172354682,G,A,G,A,0.281749,0.20440000000000003,0.2803,0.23340000000000005,0.36229999999999996,0.2883
6,55287634,C,T,C,T,0.783347,0.7708,0.663,0.7478,0.9153,0.7669
7,83923456,C,T,C,T,0.5587059999999999,0.3839,0.498,0.5476,0.7769,0.5143
11,86974787,A,C,A,C,0.769169,0.9008,0.5835,0.6916,0.8729,0.7393000000000001
10,33114117,T,A,T,A,0.9792332,1.0,0.9583,0.9827,0.9796,0.9765
6,155733557,C,T,C,T,0.773962,0.8026,0.83,0.7666,0.7171000000000001,0.7689
12,83056336,G,A,G,A,0.876198,0.8671,0.8877,0.8228,0.8434,0.956
5,87428897,T,C,T,C,0.710264,0.8392999999999999,0.8032,0.7767,0.5454,0.6575
20,36242058,C,T,C,T,0.468251,0.3224,0.5109,0.38470000000000004,0.47050000000000003,0.6309
4,59708660,T,C,T,C,0.891174,0.9633,0.7922,0.8674,0.9629,0.8384
16,88569569,C,T,C,T,0.918131,0.8839,0.9513,0.928,0.9334,0.8916
4,46565537,A,G,A,G,0.7332270000000001,0.5794,0.841,0.8602,0.8434,0.5419
1,51890793,A,C,A,C,0.9868211,1.0,0.9692,0.987,0.9818,0.998
1,85764886,A,G,A,G,0.582069,0.6081,0.5973999999999999,0.6556,0.5976,0.46630000000000005
7,48272383,G,C,G,C,0.886382,0.8392999999999999,0.9533,0.9438,0.8003,0.9417
19,54895397,A,G,A,G,0.9203275,1.0,0.9831,0.9597,0.7337,0.998
12,121652277,G,A,G,A,0.615016,0.6577,0.6292,0.6094999999999999,0.621,0.5521
10,84920117,G,A,G,A,0.740016,0.5466,0.8827,0.8386,0.7481,0.7117
1,213020779,C,T,C,T,0.460863,0.46330000000000005,0.38070000000000004,0.5993999999999999,0.503,0.38549999999999995
9,35863928,G,A,G,A,0.432708,0.5427,0.30820000000000003,0.3357,0.5764,0.32210000000000005
2,70753882,T,C,T,C,0.6339859999999999,0.8194,0.7972,0.7133,0.2965,0.6748000000000001
2,982268,G,A,G,A,0.855032,0.9623,0.9235,0.7304999999999999,0.8691,0.7434000000000001
12,113150733,T,C,T,C,0.9690495,0.9851,0.9314,0.9597,0.9864,0.9744
22,23659783,C,G,C,G,0.37320299999999995,0.1915,0.47419999999999995,0.4135,0.34719999999999995,0.46319999999999995
3,43228695,A,G,A,G,0.9742412,1.0,0.9314,0.9582,0.9939,0.9765
9,32748106,C,T,C,T,0.9103435,0.997,0.834,0.8689,0.9138,0.9243
6,48007346,A,G,A,G,0.375799,0.26880000000000004,0.4254,0.33430000000000004,0.3661,0.47750000000000004
17,63448458,C,G,C,G,0.39376999999999995,0.6657,0.2863,0.4669,0.3056,0.2914
16,12453915,G,A,G,A,0.595647,0.5872999999999999,0.44430000000000003,0.6225,0.587,0.7525999999999999
12,3095215,G,A,G,A,0.789137,0.9762,0.8201,0.8689,0.5764,0.7955
12,87812008,T,C,T,C,0.655351,0.5546,0.6909000000000001,0.6744,0.6657,0.6953
3,162897808,A,G,A,G,0.264776,0.13290000000000002,0.31910000000000005,0.268,0.34340000000000004,0.23619999999999997
5,111867788,T,G,T,G,0.760783,0.7272000000000001,0.7644,0.7304999999999999,0.7065,0.8865
3,195737560,C,T,C,T,0.9640575,0.9812,0.9543,0.9683,0.9985,0.907
13,111008280,G,A,G,A,0.31629399999999996,0.27680000000000005,0.1461,0.16710000000000003,0.5151,0.3691
14,57545068,T,C,T,C,0.6707270000000001,0.4306,0.8419,0.7363,0.7110000000000001,0.6411
17,46788433,C,A,C,A,0.774161,0.874,0.7247,0.8156,0.677,0.8241
9,18267997,T,C,T,C,0.9826278,1.0,0.9374,0.9798,1.0,0.9898
21,39035622,T,C,T,C,0.38897800000000005,0.15769999999999995,0.4314,0.3631,0.4433,0.5286
19,55449755,G,A,G,A,0.32148600000000005,0.4544,0.3509,0.3617,0.049900000000000055,0.4928
12,33339684,G,A,G,A,0.265575,0.047599999999999976,0.5437000000000001,0.35729999999999995,0.16569999999999996,0.274
6,133713214,G,A,G,A,0.9299121,0.7956,0.9821,0.9207,0.9992,0.9274
1,162258815,T,C,T,C,0.614018,0.3839,0.7376,0.6254,0.6838,0.6216999999999999
11,16623906,C,G,C,G,0.19528800000000002,0.03469999999999995,0.2823,0.20889999999999997,0.2481,0.19020000000000004
7,84277314,C,T,C,T,0.39237200000000005,0.19440000000000002,0.5855,0.3458,0.37970000000000004,0.44789999999999996
8,98585247,A,G,A,G,0.681709,0.6786,0.8767,0.5720000000000001,0.5461,0.7454000000000001
12,80685745,T,C,T,C,0.843051,0.999,0.8519,0.8602,0.6505000000000001,0.9213
9,96822237,A,G,A,G,0.9255192,0.8661,0.8867,0.9480999999999999,0.9939,0.9182
2,60979947,A,G,A,G,0.601038,0.8581,0.45630000000000004,0.5937,0.4486,0.6962999999999999
11,7306911,G,T,G,T,0.8668130000000001,0.9107,0.7982,0.7853,0.9742999999999999,0.8047
9,78959409,G,A,G,A,0.33067100000000005,0.3085,0.22660000000000002,0.18589999999999995,0.5938,0.2076
16,57007446,T,G,T,G,0.698083,0.7321,0.8072,0.6729,0.5446,0.7761
5,174609264,C,T,C,T,0.20427300000000004,0.16369999999999996,0.20279999999999998,0.3588,0.2148,0.12370000000000003
6,166412025,C,T,C,T,0.021564999999999945,0.0,0.0726,0.015900000000000025,0.0022999999999999687,0.021499999999999964
7,8476787,A,G,A,G,0.20107799999999998,0.10419999999999996,0.16500000000000004,0.36019999999999996,0.2663,0.137
12,125014887,T,G,T,G,0.873003,0.9812,0.9851,0.9697,0.6354,0.8988
4,184356790,G,C,G,C,0.483826,0.5347,0.2783,0.536,0.6618999999999999,0.365
19,21817208,A,G,A,G,0.419728,0.3839,0.4105,0.3718,0.40090000000000003,0.5256000000000001
12,64149835,T,A,T,A,0.815495,0.6151,0.9195,0.8718,0.8260000000000001,0.8609
8,120220033,G,A,G,A,0.647564,0.40969999999999995,0.7306,0.6873,0.6952,0.7147
20,56056235,C,T,C,T,0.9530751,0.999,0.9821,0.9856,0.8926000000000001,0.9346
9,22562994,C,G,C,G,0.691693,0.6497999999999999,0.5159,0.634,0.8631,0.7249
15,43010138,C,T,C,T,0.9279153,0.9325,0.993,0.9928,0.8033,0.9785
18,46617055,C,T,C,T,0.849241,0.7113,0.8569,0.9294,0.9803,0.7495
6,84856409,T,C,T,C,0.909345,0.994,0.9831,0.964,0.7027,0.9867
14,53681528,A,G,A,G,0.459665,0.21830000000000005,0.39359999999999995,0.389,0.6604,0.5552
15,26629689,G,A,G,A,0.9115415,0.9177,0.8976,0.9164,0.8843,0.953
15,28049511,A,G,A,G,0.20127799999999996,0.0030000000000000027,0.3509,0.22909999999999997,0.29579999999999995,0.10429999999999995
5,24262220,T,C,T,C,0.9770367,1.0,0.992,0.9928,0.9274,0.9939
7,62591233,G,A,G,A,0.9085463,0.8482000000000001,0.9056,0.8429,0.9773,0.9274
16,76995593,A,G,A,G,0.65595,0.7122999999999999,0.6173,0.6657,0.6339,0.6605
19,57521142,A,C,A,C,0.702276,0.7996,0.5865,0.6354,0.829,0.5971
5,60074000,T,C,T,C,0.461661,0.8502000000000001,0.4254,0.5504,0.22540000000000004,0.3548
21,15232393,T,C,T,C,0.9363019,0.998,0.9344,0.9669,0.8918,0.9131
8,80820159,T,C,T,C,0.19229200000000002,0.20240000000000002,0.30910000000000004,0.31120000000000003,0.02949999999999997,0.19730000000000003
11,71872071,A,G,A,G,0.7140580000000001,0.8115,0.6302,0.7594,0.7708,0.591
10,5898098,G,T,G,T,0.584465,0.8661,0.5557000000000001,0.6916,0.2118,0.7515000000000001
19,16592549,A,G,A,G,0.9876198,1.0,0.9612,0.9813,0.9985,0.9918
6,22906798,C,T,C,T,0.9129393,0.994,0.8072,0.8775,0.9894,0.8599
2,127925070,A,C,A,C,0.748602,0.6865,0.6998,0.7767,0.7693,0.8149
17,68825484,A,G,A,G,0.805911,0.8601,0.7614,0.8228,0.8994,0.6575
1,166597058,T,C,T,C,0.500998,0.6627000000000001,0.38970000000000005,0.5548,0.3033,0.6779
2,183190294,T,C,T,C,0.431909,0.5982000000000001,0.23760000000000003,0.2579,0.5946,0.364
1,233736685,A,G,A,G,0.774361,0.7421,0.6968,0.8415,0.7769,0.8364
22,26647217,C,A,C,A,0.783946,0.6597,0.9115,0.6931,0.8366,0.774
1,100625161,C,T,C,T,0.042532000000000014,0.03169999999999995,0.02290000000000003,0.01870000000000005,0.10289999999999999,0.009199999999999986
12,50233256,G,A,G,A,0.631989,0.6548,0.5417000000000001,0.7089,0.6914,0.5665
9,95847754,G,A,G,A,0.8923719999999999,0.996,0.9901,0.9726,0.6339,0.9775
18,39060471,T,C,T,C,0.9446885,0.8948,0.9781,0.9366,0.9592,0.9479
17,80306012,G,A,G,A,0.9428914,1.0,0.9601999999999999,0.9395,0.854,0.9888
18,74160653,G,A,G,A,0.9864217,0.999,0.9801,0.9813,0.9909,0.9775
12,71529022,A,G,A,G,0.616214,0.4365,0.5746,0.4899,0.8616,0.6022000000000001
3,45215423,A,T,A,T,0.769169,0.7946,0.7744,0.817,0.8434,0.6033
10,83980182,G,C,G,C,0.837859,0.8502000000000001,0.9105,0.696,0.8722,0.8047
11,122494816,C,T,C,T,0.42871400000000004,0.3819,0.5119,0.49139999999999995,0.29200000000000004,0.5317000000000001
20,30147826,C,A,C,A,0.727236,1.0,0.8429,0.8184,0.20950000000000002,0.9621999999999999
2,73539603,A,T,A,T,0.25339500000000004,0.20340000000000003,0.16600000000000004,0.24639999999999995,0.4213,0.17279999999999995
14,68607023,G,C,G,C,0.110823,0.025800000000000045,0.18489999999999995,0.14270000000000005,0.052200000000000024,0.17889999999999995
14,87827575,G,C,G,C,0.9708466,0.998,0.9592,0.9841,0.9418,0.9847
9,32345581,G,A,G,A,0.877396,0.749,0.9354,0.9366,0.9244,0.8446
18,36516976,A,G,A,G,0.9295128,0.8661,0.8867,0.9524,0.997,0.9315
16,64947914,C,T,C,T,0.9165335,0.9881,0.9722,0.9798,0.8737,0.7986
1,16370060,C,T,C,T,0.9103435,0.9891,0.8946000000000001,0.9337,0.8192,0.9519
4,94951222,C,T,C,T,0.77496,0.7937,0.9085,0.7536,0.6044,0.864
6,85215851,G,A,G,A,0.786342,0.7192000000000001,0.7416,0.7925,0.9372,0.6933
8,123327623,A,C,A,C,0.888578,0.8392999999999999,0.9195,0.9524,0.8805000000000001,0.8732
8,31327282,A,G,A,G,0.9456869,0.9683,0.9543,0.9654,0.9501,0.8936999999999999
16,79549363,C,A,C,A,0.15814700000000004,0.09230000000000005,0.13319999999999999,0.08650000000000002,0.2874,0.12780000000000002
7,125438880,T,C,T,C,0.41653399999999996,0.6171,0.2992,0.4395,0.26170000000000004,0.5235000000000001
19,16836566,G,T,G,T,0.9404952,1.0,0.9105,0.9480999999999999,0.882,0.9836
1,199170327,C,G,C,G,0.029352999999999962,0.0010000000000000009,0.09340000000000004,0.028800000000000048,0.0038000000000000256,0.027599999999999958
14,100498693,G,A,G,A,0.9207268,0.9901,0.9235,0.928,0.8147,0.9847
7,52797019,A,G,A,G,0.30411299999999997,0.19640000000000002,0.47219999999999995,0.35729999999999995,0.09760000000000002,0.48360000000000003
6,165980917,T,C,T,C,0.8398559999999999,0.6696,0.9742,0.9164,0.8835,0.7638
10,76483146,A,C,A,C,0.866613,0.8819,0.9662,0.8156,0.7564,0.9335
8,110933557,A,G,A,G,0.9846246,1.0,0.9573,0.9798,0.997,0.9836
5,59915585,A,G,A,G,0.9476837,0.999,0.8529,0.8948,0.9917,0.9703
13,85062264,A,C,A,C,0.40435299999999996,0.27080000000000004,0.6531,0.4769,0.10740000000000005,0.636
2,49348444,A,C,A,C,0.43570299999999995,0.3264,0.5973999999999999,0.43079999999999996,0.3457,0.5072
20,15752598,C,T,C,T,0.6160140000000001,0.501,0.7803,0.6153,0.4629,0.773
3,190687459,G,A,G,A,0.9129393,0.9474,0.9861,0.9697,0.8048,0.908
1,74115273,T,A,T,A,0.9323083,1.0,0.8797,0.9625,0.9463,0.8763
16,84477482,T,C,T,C,0.716853,0.46530000000000005,0.8221,0.6484,0.8646,0.7168
4,80459288,C,G,C,G,0.9416933,0.999,0.9513,0.9424,0.8623000000000001,0.9796
8,23569089,C,G,C,G,0.9309105,0.9087,0.9374,0.9409,0.9947,0.8538
5,4006143,G,C,G,C,0.809505,0.8492,0.669,0.7968,0.9357,0.7515000000000001
3,41541388,A,T,A,T,0.9898163,0.999,0.9811,0.9928,1.0,0.9734
2,236671276,C,T,C,T,0.733027,0.6587000000000001,0.7515000000000001,0.5865,0.7307,0.8978
4,46221850,A,G,A,G,0.340855,0.4851,0.40659999999999996,0.45389999999999997,0.22160000000000002,0.20550000000000002
16,60340553,T,C,T,C,0.795727,0.9891,0.7793,0.7608,0.6838,0.7894
12,129322537,C,T,C,T,0.9892173,0.999,0.9672,0.9813,0.9985,0.9949
4,182300135,A,G,A,G,0.7476039999999999,0.7727999999999999,0.7744,0.7435,0.6657,0.8078
13,112558251,T,C,T,C,0.705871,0.7688,0.5915,0.6816,0.8215,0.6195999999999999
6,32219978,T,C,T,C,0.885982,0.88,0.9503,0.9337,0.8472,0.8446
14,85469112,C,T,C,T,0.622404,0.746,0.671,0.6844,0.4327,0.6575
10,85566445,C,G,C,G,0.9137379999999999,0.998,0.8708,0.9236,0.8275,0.9806
11,4039056,A,G,A,G,0.6699280000000001,0.6637,0.6769000000000001,0.7032,0.7352000000000001,0.5573
14,71412949,G,A,G,A,0.876997,0.8919,0.9423,0.8012,0.8714,0.8558
4,102868793,A,G,A,G,0.754992,0.746,0.5825,0.7334,0.8608,0.8139000000000001
14,65745495,C,T,C,T,0.9460863,0.998,0.9155,0.8761,0.9803,0.9274
12,130917475,C,A,C,A,0.83107,0.7609,0.8986,0.8242,0.7436,0.9571
11,130956186,T,C,T,C,0.32528,0.10019999999999996,0.2972,0.34440000000000004,0.5817,0.22599999999999998
4,133864178,G,T,G,T,0.9548722,0.9702,0.9891,0.987,0.8714,0.9939
2,69300734,G,A,G,A,0.897963,0.7946,0.9831,0.9063,0.8638,0.9571
13,89192725,A,C,A,C,0.520966,0.14780000000000004,0.6252,0.46540000000000004,0.7458,0.5337000000000001
1,161064132,T,C,T,C,0.88139,0.7798,0.9324,0.8963,0.9682,0.8057
9,82955369,G,A,G,A,0.9548722,0.9117,0.9433,0.9784,0.9962,0.9387
18,3705140,A,G,A,G,0.020167999999999964,0.0,0.05069999999999997,0.025900000000000034,0.0014999999999999458,0.03069999999999995
4,6424666,C,T,C,T,0.768371,0.7897000000000001,0.7376,0.5085999999999999,0.9576,0.7065
3,41537295,C,T,C,T,0.616414,0.8254,0.5577,0.6009,0.5242,0.5971
11,124705936,T,A,T,A,0.564696,0.5704,0.6392,0.7334,0.37070000000000003,0.6247
1,242527132,C,A,C,A,0.9730431,0.9583,0.9871,0.9856,0.9644,0.9765
1,223828070,T,C,T,C,0.734225,0.88,0.5188999999999999,0.6195999999999999,0.854,0.7249
5,171762777,T,C,T,C,0.410543,0.4395,0.4821,0.45389999999999997,0.4274,0.25360000000000005
5,73440289,C,T,C,T,0.9750399,0.9851,0.9662,0.9597,0.9947,0.9581
10,62042711,T,C,T,C,0.871006,0.9702,0.8439,0.9035,0.7935,0.8783
7,31139200,G,A,G,A,0.40654999999999997,0.21030000000000004,0.7345999999999999,0.5403,0.23829999999999996,0.40390000000000004
2,42723545,C,G,C,G,0.8690100000000001,0.9573,0.8439,0.8444,0.8366,0.865
